cable test (0-3),date,time,peak_freq (mhz),peak_vswr,trace_xmin,trace_xmax,trace_y,,,,,,,,,,,,,,,,,,,,,,,,,,,,,,,,,,,,,,,,,,,,,,,,,,,,,,,,,,,,,,,,,,,,,,,,,,,,,,,,,,,,,,,,,,,,,,,,,,,,,,,,,,,,,,,,,,,,,,,,,,,,,,,,,,,,,,,,,,,,,,,,,,,,,,,,,,,,,,,,,,,,,,,,,,,,,,,,,,,,,,,,,,,,,,,,,,,,,,,,,,,,,,,,,,,,,,,,,,,,,,,,,,,,,,,,,,,,,,,,,,,,,,,,,,,,,,,,,,,,,,,,,,,,,,,,,,,,,,,,,,,,,,,,,,,,,,,,,,,,,,,,,,,,,,,,,,,,,,,,,,,,,,,,,,,,,,,,,,,,,,,,,,,,,,,,,,,,,,,,,,,,,,,,,,,,,,,,,,,,,,,,,,,,,,,,,,,,,,,,,,,,,,,,,,,,,,,,,,,,,,,,,,,,,,,,,,,,,,,,,,,,,,,,,,,,,,,,,,,,
1,4/22/2023,4:56 PM,1338.75,5.263273,950,1525,4.962122,4.960883,4.962611,4.965819,4.964475,4.964221,4.964416,4.961309,4.961403,4.955834,4.954213,4.951795,4.951452,4.949064,4.945695,4.947096,4.945451,4.942893,4.940643,4.937993,4.935742,4.933768,4.929856,4.928366,4.924892,4.925084,4.924432,4.922869,4.922652,4.920715,4.920179,4.916833,4.915309,4.914603,4.913716,4.910414,4.907776,4.905731,4.903761,4.902713,4.900006,4.900426,4.897981,4.896883,4.894267,4.892229,4.890082,4.887859,4.886281,4.885258,4.881739,4.880198,4.878874,4.87743,4.874343,4.876131,4.875782,4.874819,4.875163,4.877448,4.874906,4.873258,4.870808,4.87018,4.859176,4.850256,4.841969,4.837538,4.834546,4.831293,4.826644,4.822629,4.81971,4.819649,4.817518,4.818555,4.820451,4.820132,4.818999,4.818803,4.820632,4.819193,4.819857,4.817498,4.815649,4.814376,4.814732,4.816188,4.815413,4.817053,4.818084,4.817691,4.818932,4.818458,4.820301,4.819297,4.820551,4.820362,4.822146,4.822816,4.824435,4.824589,4.828289,4.830107,4.829547,4.829292,4.831785,4.830256,4.832693,4.833546,4.835829,4.836569,4.837334,4.839364,4.840158,4.841103,4.845095,4.846564,4.845971,4.845682,4.847905,4.852469,4.854591,4.857136,4.859647,4.863761,4.866229,4.866701,4.868308,4.871431,4.875613,4.878593,4.879276,4.883259,4.882702,4.886433,4.889195,4.890412,4.893555,4.897605,4.899717,4.901526,4.904992,4.906938,4.911648,4.914979,4.919596,4.922766,4.924807,4.92904,4.931762,4.936766,4.941391,4.940952,4.942873,4.942664,4.945222,4.951994,4.955249,4.958982,4.960421,4.965492,4.96813,4.969248,4.973029,4.978138,4.982931,4.985289,4.988024,4.991782,4.994391,4.993087,4.995085,4.999718,5.004014,5.0071,5.010881,5.015046,5.016785,5.018553,5.020701,5.023314,5.025519,5.028244,5.030008,5.032444,5.036121,5.039231,5.042089,5.044867,5.048335,5.050931,5.053545,5.053626,5.055306,5.057604,5.06002,5.062459,5.066064,5.068603,5.070414,5.072424,5.074824,5.076014,5.079345,5.085131,5.087224,5.088058,5.09172,5.094643,5.09568,5.09739,5.09797,5.101267,5.103579,5.105217,5.109203,5.113894,5.115913,5.1192,5.117452,5.121031,5.123677,5.12451,5.127747,5.129644,5.130664,5.13255,5.135608,5.136238,5.13733,5.139623,5.142396,5.145115,5.143713,5.146634,5.152128,5.154058,5.155097,5.15835,5.159911,5.162059,5.163433,5.165055,5.166002,5.167109,5.168148,5.173581,5.17773,5.180562,5.185087,5.188178,5.18941,5.18777,5.189686,5.188555,5.193963,5.193691,5.194691,5.195126,5.196024,5.200294,5.199803,5.199049,5.199365,5.203106,5.203762,5.20657,5.209295,5.213211,5.213834,5.215095,5.215965,5.22028,5.222896,5.223857,5.222882,5.223632,5.225459,5.226347,5.225914,5.227231,5.227912,5.225536,5.225187,5.2245,5.227363,5.226778,5.228502,5.227498,5.229804,5.23112,5.237383,5.236931,5.238054,5.236815,5.235343,5.235349,5.237184,5.236734,5.235382,5.232766,5.235999,5.236753,5.243279,5.246291,5.250429,5.254674,5.256056,5.256771,5.259046,5.258205,5.260071,5.260346,5.26029,5.260992,5.259847,5.259507,5.256909,5.254927,5.253035,5.250786,5.249262,5.246921,5.246204,5.241848,5.238109,5.23815,5.236815,5.235062,5.233533,5.230989,5.229801,5.225493,5.221365,5.219951,5.21676,5.212716,5.212109,5.210468,5.20602,5.203961,5.200584,5.196249,5.195487,5.189255,5.187919,5.184265,5.179171,5.173937,5.173356,5.167768,5.163865,5.161918,5.15955,5.153218,5.148921,5.145348,5.141813,5.139605,5.135109,5.13052,5.126639,5.12335,5.120626,5.115098,5.110592,5.105806,5.102551,5.096416,5.092838,5.088908,5.084689,5.079789,5.076077,5.073317,5.069501,5.065086,5.062468,5.057019,5.051434,5.048162,5.04383,5.036803,5.029729,5.025476,5.02036,5.015534,5.011388,5.008832,5.003591,4.999277,4.994593,4.990434,4.985153,4.981817,4.975576,4.971749,4.968451,4.964364,4.959649,4.953985,4.946897,4.942938,4.939414,4.933815,4.929392,4.923864,4.916529,4.912748,4.90837,4.903627,4.896478,4.891673,4.888279,4.884459,4.881158,4.876926,4.871333,4.864953,4.859757,4.854899,4.84801,4.844046,4.839727,4.838531,4.833675,4.826367,4.823076,4.817946,4.812791,4.806166,4.800153,4.798139,4.793297,4.788318,4.785219,4.778636,4.77494,4.771433,4.767336,4.759544,4.755689,4.751227,4.748796,4.743658,4.737822,4.733693,4.730724,4.72591,4.721935,4.715623,4.712072,4.707501,4.703479,4.697252,4.692533,4.690462,4.686346,4.68362,4.679265
1,4/22/2023,5:03 PM,1337.5,5.262581,950,1525,4.953295,4.953237,4.95339,4.953636,4.952016,4.949569,4.949937,4.947683,4.94837,4.946578,4.945488,4.944313,4.941272,4.940742,4.940434,4.938328,4.938615,4.936462,4.935594,4.93328,4.932045,4.931241,4.92888,4.926382,4.925113,4.922995,4.922516,4.918645,4.916467,4.915343,4.912048,4.909637,4.910043,4.908597,4.906851,4.905584,4.903538,4.901222,4.900205,4.895305,4.89316,4.893756,4.889727,4.888531,4.887977,4.888577,4.887988,4.884238,4.883913,4.88258,4.879967,4.884886,4.882515,4.880895,4.879922,4.878722,4.873389,4.874017,4.87109,4.869607,4.867715,4.867281,4.868261,4.866228,4.85391,4.845524,4.838655,4.833111,4.827598,4.825273,4.822264,4.817624,4.818301,4.814548,4.813814,4.814201,4.811209,4.809978,4.809996,4.808002,4.810581,4.810684,4.811698,4.809718,4.810016,4.809806,4.809624,4.810891,4.814683,4.813926,4.813082,4.812529,4.813451,4.813425,4.814715,4.814556,4.815625,4.8174,4.819496,4.819162,4.820129,4.821106,4.820456,4.82129,4.822387,4.824847,4.82445,4.825861,4.827569,4.830084,4.832026,4.832183,4.834891,4.836339,4.840523,4.840026,4.842031,4.843932,4.842248,4.845237,4.848055,4.848561,4.850589,4.852175,4.857409,4.860078,4.862636,4.863465,4.868334,4.87169,4.874173,4.875366,4.879704,4.881542,4.884719,4.888377,4.891824,4.893728,4.898026,4.903221,4.904665,4.906068,4.910721,4.912679,4.912972,4.914573,4.915453,4.919664,4.924576,4.928075,4.931022,4.929677,4.935983,4.9405,4.942375,4.947151,4.94861,4.952285,4.955727,4.957267,4.960013,4.962759,4.967011,4.969695,4.971511,4.976364,4.978876,4.982343,4.987996,4.991158,4.990947,4.994837,4.996757,5.000809,5.003367,5.006606,5.007119,5.010564,5.012657,5.017059,5.018415,5.022883,5.026229,5.028362,5.029934,5.031329,5.03632,5.039513,5.041228,5.042452,5.044698,5.046022,5.049482,5.051434,5.056076,5.060429,5.061087,5.062801,5.065928,5.071064,5.071269,5.072919,5.075394,5.076469,5.079277,5.085342,5.085833,5.089172,5.091042,5.09303,5.094479,5.097183,5.101122,5.102374,5.103722,5.107008,5.109634,5.113188,5.11635,5.119359,5.121446,5.12256,5.124154,5.125973,5.127572,5.127551,5.129437,5.131046,5.133997,5.137188,5.138821,5.140421,5.142208,5.142449,5.145951,5.149986,5.151235,5.154338,5.157107,5.157657,5.159158,5.158387,5.162055,5.165058,5.168479,5.169003,5.172243,5.175848,5.177582,5.179002,5.17879,5.179626,5.180984,5.181798,5.184205,5.187191,5.190649,5.191736,5.190239,5.193859,5.193569,5.196337,5.198136,5.201096,5.201612,5.202869,5.202986,5.20623,5.208856,5.211089,5.209988,5.212155,5.211311,5.214863,5.21933,5.219039,5.221234,5.222838,5.222353,5.224287,5.224762,5.228675,5.2272,5.227565,5.226568,5.227446,5.228168,5.227388,5.232889,5.230268,5.229666,5.230835,5.232661,5.234372,5.233699,5.235641,5.235374,5.235539,5.236473,5.236253,5.234941,5.235046,5.238117,5.238935,5.247949,5.254322,5.257648,5.262206,5.263032,5.263854,5.262581,5.267232,5.263475,5.260628,5.25903,5.25664,5.258504,5.258269,5.256339,5.255067,5.251478,5.250028,5.246055,5.24401,5.242634,5.237334,5.236592,5.232718,5.233008,5.233172,5.230731,5.227816,5.226539,5.223186,5.220682,5.218298,5.214455,5.211465,5.207314,5.204187,5.203674,5.201766,5.19945,5.195212,5.19259,5.19085,5.186248,5.182714,5.179992,5.17526,5.170835,5.165854,5.160967,5.16014,5.157041,5.153217,5.14802,5.144987,5.139278,5.137845,5.13145,5.12767,5.124086,5.121836,5.119456,5.11559,5.110428,5.106774,5.102696,5.097555,5.093714,5.08598,5.082356,5.07732,5.074625,5.070529,5.066658,5.063446,5.057546,5.053753,5.048527,5.043501,5.04077,5.03662,5.031808,5.025933,5.021374,5.016373,5.012611,5.010264,5.006079,5.000817,4.99425,4.988964,4.985603,4.980589,4.974579,4.972197,4.968057,4.961234,4.955018,4.951264,4.947493,4.942178,4.936573,4.933397,4.927851,4.922126,4.915341,4.911009,4.907011,4.902363,4.896488,4.889086,4.887039,4.883518,4.875621,4.872102,4.869495,4.865805,4.860727,4.854872,4.851101,4.844482,4.840315,4.83733,4.831798,4.82813,4.821242,4.815683,4.812973,4.806304,4.802148,4.797663,4.793546,4.788597,4.783867,4.778888,4.772635,4.766926,4.760243,4.755992,4.751838,4.750909,4.746622,4.744151,4.739085,4.734652,4.730505,4.727438,4.719756,4.71807,4.714169,4.708081,4.700472,4.698347,4.694098,4.690884,4.684906,4.68092,4.676454
3,4/22/2023,6:07 PM,1336.25,5.259379,950,1525,4.953635,4.953243,4.954259,4.952755,4.95073,4.950537,4.951114,4.949771,4.948693,4.94741,4.944987,4.944479,4.942691,4.940448,4.936702,4.935628,4.933297,4.929971,4.928397,4.926821,4.924345,4.922202,4.922623,4.920789,4.920726,4.919117,4.913951,4.911758,4.910466,4.906973,4.906926,4.907792,4.905272,4.902421,4.901223,4.900093,4.898088,4.89656,4.8949,4.89496,4.893307,4.889952,4.891134,4.886314,4.883971,4.881554,4.881319,4.878162,4.875914,4.874779,4.871961,4.872625,4.871722,4.867631,4.869958,4.8687,4.867422,4.866889,4.864615,4.864818,4.861995,4.86103,4.860652,4.860447,4.848502,4.842268,4.837832,4.832343,4.828914,4.823631,4.821119,4.818057,4.816749,4.814412,4.81284,4.811801,4.809261,4.809208,4.806915,4.807637,4.80908,4.807001,4.806305,4.805838,4.806242,4.807762,4.80821,4.806526,4.807884,4.808389,4.811226,4.810858,4.812063,4.811315,4.810251,4.810174,4.809815,4.810795,4.812272,4.813312,4.814353,4.815278,4.818086,4.818669,4.818667,4.817807,4.82053,4.82083,4.819989,4.822614,4.824863,4.825245,4.827399,4.832156,4.834891,4.835951,4.838018,4.841674,4.843947,4.84562,4.844554,4.84601,4.848781,4.850494,4.853363,4.855974,4.858718,4.860487,4.863832,4.864154,4.864986,4.868134,4.872274,4.875724,4.879217,4.882149,4.885314,4.889191,4.890392,4.893322,4.894148,4.898361,4.902511,4.906593,4.91169,4.912165,4.914507,4.915555,4.919398,4.923481,4.927088,4.928957,4.931702,4.934535,4.937468,4.93909,4.94341,4.947515,4.948455,4.951736,4.952123,4.95558,4.96062,4.963134,4.965361,4.969121,4.97181,4.976099,4.979341,4.981193,4.985522,4.988008,4.99436,4.996789,5.000555,5.002883,5.006145,5.007346,5.009956,5.011993,5.016547,5.021119,5.022568,5.026451,5.027346,5.030022,5.0327,5.03587,5.037292,5.041504,5.046932,5.048258,5.048892,5.050004,5.055373,5.056024,5.058275,5.061723,5.062462,5.066608,5.067636,5.071661,5.071742,5.074654,5.075843,5.077117,5.079538,5.080049,5.084203,5.085799,5.087581,5.090546,5.092015,5.094299,5.097643,5.100961,5.106345,5.107284,5.111072,5.111544,5.110112,5.115384,5.116199,5.120467,5.12367,5.124552,5.125695,5.127883,5.128881,5.131201,5.131279,5.137715,5.13963,5.142982,5.145458,5.146812,5.148203,5.150978,5.153322,5.15367,5.156055,5.157428,5.15782,5.159569,5.159428,5.161901,5.166041,5.167254,5.169414,5.171672,5.176162,5.176009,5.179057,5.180486,5.182304,5.184905,5.185367,5.186186,5.189139,5.190855,5.193228,5.195469,5.200209,5.198514,5.199643,5.203141,5.203391,5.203238,5.204522,5.207553,5.206446,5.205493,5.210633,5.212643,5.21315,5.215287,5.21768,5.217041,5.218474,5.221582,5.222261,5.223825,5.224154,5.222084,5.224224,5.225722,5.223644,5.22622,5.225671,5.226481,5.227154,5.226925,5.228122,5.228323,5.232917,5.231297,5.232363,5.232139,5.230442,5.232047,5.233884,5.231194,5.230729,5.229334,5.237683,5.243539,5.247363,5.252348,5.251876,5.255889,5.255777,5.25721,5.255561,5.254936,5.255161,5.253548,5.250432,5.249686,5.246878,5.247306,5.248623,5.246494,5.246382,5.241779,5.239669,5.238835,5.235327,5.232276,5.228323,5.228185,5.224581,5.22163,5.222308,5.217887,5.215809,5.214598,5.212766,5.20891,5.206686,5.205417,5.203733,5.19924,5.199717,5.194496,5.188492,5.187567,5.183749,5.17987,5.175413,5.174451,5.168434,5.164034,5.16109,5.156558,5.153771,5.148703,5.144148,5.141377,5.137193,5.136252,5.131091,5.12634,5.121218,5.118244,5.114576,5.109831,5.107517,5.102379,5.095106,5.08989,5.090315,5.086085,5.083071,5.077306,5.074312,5.070622,5.066101,5.055629,5.050981,5.050409,5.044714,5.040255,5.037167,5.032286,5.029122,5.023996,5.018641,5.015219,5.011582,5.004297,5.003505,4.998899,4.994132,4.989359,4.986424,4.982155,4.978275,4.973626,4.969293,4.964112,4.957077,4.951749,4.948403,4.943846,4.936466,4.92986,4.926272,4.92188,4.917843,4.912345,4.9068,4.901694,4.896787,4.891466,4.888166,4.879296,4.874869,4.871778,4.866295,4.862232,4.858755,4.854589,4.851179,4.846354,4.840673,4.836837,4.831472,4.825305,4.820234,4.818122,4.813278,4.806535,4.800993,4.79707,4.79243,4.788265,4.782928,4.777343,4.770123,4.76544,4.760844,4.757637,4.753424,4.749064,4.7461,4.741659,4.734952,4.731517,4.725996,4.721764,4.717545,4.713679,4.707677,4.702879,4.698267,4.694419,4.689361,4.687064,4.682091,4.679516,4.675756
0,4/22/2023,6:09 PM,6106.521739,8.842044,5925,6425,3.412658,3.411457,3.412997,3.415247,3.427176,3.44064,3.451032,3.464505,3.480029,3.496943,3.520709,3.539121,3.558683,3.580801,3.608869,3.635324,3.659757,3.680181,3.707564,3.734561,3.761726,3.783085,3.805994,3.829021,3.859442,3.882758,3.916371,3.94787,3.974529,4.004758,4.02739,4.05179,4.08401,4.115488,4.146765,4.177885,4.207421,4.239007,4.267314,4.291759,4.327196,4.357436,4.392667,4.426713,4.451567,4.484008,4.519638,4.547064,4.583497,4.610989,4.639742,4.681417,4.720378,4.749877,4.782637,4.823158,4.862753,4.891587,4.929866,4.962332,5.001338,5.034447,5.070685,5.115825,5.149919,5.194653,5.229916,5.271335,5.321106,5.356509,5.40063,5.439881,5.472692,5.507334,5.552522,5.597268,5.633374,5.670239,5.714572,5.754009,5.792634,5.83917,5.878499,5.917234,5.95857,6.002318,6.057119,6.105137,6.157192,6.205735,6.243063,6.279146,6.32034,6.376017,6.426639,6.465547,6.511786,6.551325,6.592076,6.643589,6.687957,6.730693,6.77041,6.813363,6.856234,6.909621,6.94946,7.010544,7.052443,7.089953,7.135777,7.186328,7.225688,7.271337,7.314357,7.366662,7.402731,7.446527,7.499163,7.555498,7.590412,7.635623,7.677641,7.724218,7.764385,7.799145,7.834201,7.86249,7.912662,7.95158,7.989642,8.021017,8.05919,8.096722,8.140167,8.174831,8.213634,8.241319,8.273066,8.29811,8.326396,8.355184,8.388996,8.418606,8.448136,8.486676,8.523838,8.546601,8.578942,8.603809,8.618786,8.642144,8.655571,8.676834,8.700894,8.710875,8.730783,8.754156,8.765493,8.777853,8.789549,8.798791,8.808358,8.818193,8.824023,8.834155,8.840125,8.842044,8.854719,8.856155,8.861122,8.863285,8.862737,8.854757,8.847995,8.843381,8.830462,8.833276,8.821075,8.818075,8.798785,8.787844,8.777864,8.760747,8.744426,8.723533,8.716966,8.692709,8.67586,8.664735,8.640535,8.624392,8.603529,8.57058,8.537929,8.503222,8.483584,8.456289,8.423689,8.388659,8.359296,8.314443,8.288795,8.258778,8.223495,8.194081,8.162542,8.119574,8.084405,8.044748,8.004332,7.973083,7.935563,7.898641,7.862659,7.816093,7.77363,7.736761,7.685999,7.653179,7.60369,7.567254,7.528284,7.488808,7.450859,7.401833,7.358771,7.304969,7.247473,7.212015,7.157787,7.11958,7.080491,7.030416,6.986511,6.938785,6.898626,6.857055,6.813843,6.752837,6.70496,6.657166,6.607057,6.566741,6.51464,6.46511,6.418944,6.375027,6.328743,6.2916,6.253747,6.215679,6.164024,6.117007,6.074827,6.027721,5.993985,5.957435,5.908657,5.876375,5.836723,5.788854,5.754777,5.715905,5.671918,5.620075,5.573256,5.537372,5.50004,5.452571,5.415011,5.364815,5.320005,5.286055,5.252689,5.217093,5.171737,5.128531,5.085615,5.055456,5.029707,4.996573,4.962865,4.924175,4.880902,4.850049,4.817251,4.774237,4.736675,4.707417,4.675748,4.639596,4.603369,4.573547,4.537446,4.503021,4.467388,4.442554,4.414329,4.386706,4.346948,4.312668,4.278989,4.245303,4.212902,4.189832,4.166228,4.135362,4.102785,4.078736,4.053177,4.022704,3.997248,3.972001,3.949002,3.923065,3.89645,3.872229,3.839397,3.808609,3.784823,3.757267,3.729163,3.707467,3.686695,3.658924,3.638744,3.616776,3.588288,3.564353,3.542554,3.522319,3.49395,3.469232,3.451446,3.431275,3.406937,3.383507,3.364867,3.346475,3.323682,3.305806,3.281044,3.263896,3.241074,3.224467,3.201144,3.178653,3.163059,3.143587,3.127692,3.110775,3.094063,3.07114,3.056344,3.039584,3.019124,3.000844,2.981362,2.967839,2.953272,2.934363,2.91602,2.898892,2.88135,2.864511,2.851775,2.838599,2.824909,2.807751,2.794525,2.781142,2.768309,2.753824,2.739153,2.725758,2.711714,2.694566,2.681699,2.668639,2.651787,2.63708,2.622494,2.61147,2.597263,2.5841,2.573511,2.55877,2.545513,2.535607,2.524584,2.5123,2.501829,2.488665,2.476228,2.464052,2.452192,2.441222,2.432396,2.420922,2.409169,2.397266,2.3868,2.377319,2.367182,2.359806,2.349107,2.338909,2.329118,2.322422,2.313945,2.306177,2.2984,2.28775,2.278074,2.26935,2.262321,2.255264,2.244795,2.238297,2.231383,2.223088,2.215728,2.208967,2.200412,2.192122,2.185618,2.179072,2.172888,2.164847,2.157148,2.151283,2.144254,2.137701,2.131334,2.12466,2.119449,2.112792,2.107947,2.101388,2.095778,2.090168,2.085691,2.081678,2.077053,2.071686,2.068052,2.063302,2.059174,2.05366,2.048074,2.043953,2.040122,2.036404,2.032075,2.027921,2.024914,2.021618,2.018494,2.01523,2.011389
0,4/22/2023,6:09 PM,6106.521739,8.842044,5925,6425,3.412658,3.411457,3.412997,3.415247,3.427176,3.44064,3.451032,3.464505,3.480029,3.496943,3.520709,3.539121,3.558683,3.580801,3.608869,3.635324,3.659757,3.680181,3.707564,3.734561,3.761726,3.783085,3.805994,3.829021,3.859442,3.882758,3.916371,3.94787,3.974529,4.004758,4.02739,4.05179,4.08401,4.115488,4.146765,4.177885,4.207421,4.239007,4.267314,4.291759,4.327196,4.357436,4.392667,4.426713,4.451567,4.484008,4.519638,4.547064,4.583497,4.610989,4.639742,4.681417,4.720378,4.749877,4.782637,4.823158,4.862753,4.891587,4.929866,4.962332,5.001338,5.034447,5.070685,5.115825,5.149919,5.194653,5.229916,5.271335,5.321106,5.356509,5.40063,5.439881,5.472692,5.507334,5.552522,5.597268,5.633374,5.670239,5.714572,5.754009,5.792634,5.83917,5.878499,5.917234,5.95857,6.002318,6.057119,6.105137,6.157192,6.205735,6.243063,6.279146,6.32034,6.376017,6.426639,6.465547,6.511786,6.551325,6.592076,6.643589,6.687957,6.730693,6.77041,6.813363,6.856234,6.909621,6.94946,7.010544,7.052443,7.089953,7.135777,7.186328,7.225688,7.271337,7.314357,7.366662,7.402731,7.446527,7.499163,7.555498,7.590412,7.635623,7.677641,7.724218,7.764385,7.799145,7.834201,7.86249,7.912662,7.95158,7.989642,8.021017,8.05919,8.096722,8.140167,8.174831,8.213634,8.241319,8.273066,8.29811,8.326396,8.355184,8.388996,8.418606,8.448136,8.486676,8.523838,8.546601,8.578942,8.603809,8.618786,8.642144,8.655571,8.676834,8.700894,8.710875,8.730783,8.754156,8.765493,8.777853,8.789549,8.798791,8.808358,8.818193,8.824023,8.834155,8.840125,8.842044,8.854719,8.856155,8.861122,8.863285,8.862737,8.854757,8.847995,8.843381,8.830462,8.833276,8.821075,8.818075,8.798785,8.787844,8.777864,8.760747,8.744426,8.723533,8.716966,8.692709,8.67586,8.664735,8.640535,8.624392,8.603529,8.57058,8.537929,8.503222,8.483584,8.456289,8.423689,8.388659,8.359296,8.314443,8.288795,8.258778,8.223495,8.194081,8.162542,8.119574,8.084405,8.044748,8.004332,7.973083,7.935563,7.898641,7.862659,7.816093,7.77363,7.736761,7.685999,7.653179,7.60369,7.567254,7.528284,7.488808,7.450859,7.401833,7.358771,7.304969,7.247473,7.212015,7.157787,7.11958,7.080491,7.030416,6.986511,6.938785,6.898626,6.857055,6.813843,6.752837,6.70496,6.657166,6.607057,6.566741,6.51464,6.46511,6.418944,6.375027,6.328743,6.2916,6.253747,6.215679,6.164024,6.117007,6.074827,6.027721,5.993985,5.957435,5.908657,5.876375,5.836723,5.788854,5.754777,5.715905,5.671918,5.620075,5.573256,5.537372,5.50004,5.452571,5.415011,5.364815,5.320005,5.286055,5.252689,5.217093,5.171737,5.128531,5.085615,5.055456,5.029707,4.996573,4.962865,4.924175,4.880902,4.850049,4.817251,4.774237,4.736675,4.707417,4.675748,4.639596,4.603369,4.573547,4.537446,4.503021,4.467388,4.442554,4.414329,4.386706,4.346948,4.312668,4.278989,4.245303,4.212902,4.189832,4.166228,4.135362,4.102785,4.078736,4.053177,4.022704,3.997248,3.972001,3.949002,3.923065,3.89645,3.872229,3.839397,3.808609,3.784823,3.757267,3.729163,3.707467,3.686695,3.658924,3.638744,3.616776,3.588288,3.564353,3.542554,3.522319,3.49395,3.469232,3.451446,3.431275,3.406937,3.383507,3.364867,3.346475,3.323682,3.305806,3.281044,3.263896,3.241074,3.224467,3.201144,3.178653,3.163059,3.143587,3.127692,3.110775,3.094063,3.07114,3.056344,3.039584,3.019124,3.000844,2.981362,2.967839,2.953272,2.934363,2.91602,2.898892,2.88135,2.864511,2.851775,2.838599,2.824909,2.807751,2.794525,2.781142,2.768309,2.753824,2.739153,2.725758,2.711714,2.694566,2.681699,2.668639,2.651787,2.63708,2.622494,2.61147,2.597263,2.5841,2.573511,2.55877,2.545513,2.535607,2.524584,2.5123,2.501829,2.488665,2.476228,2.464052,2.452192,2.441222,2.432396,2.420922,2.409169,2.397266,2.3868,2.377319,2.367182,2.359806,2.349107,2.338909,2.329118,2.322422,2.313945,2.306177,2.2984,2.28775,2.278074,2.26935,2.262321,2.255264,2.244795,2.238297,2.231383,2.223088,2.215728,2.208967,2.200412,2.192122,2.185618,2.179072,2.172888,2.164847,2.157148,2.151283,2.144254,2.137701,2.131334,2.12466,2.119449,2.112792,2.107947,2.101388,2.095778,2.090168,2.085691,2.081678,2.077053,2.071686,2.068052,2.063302,2.059174,2.05366,2.048074,2.043953,2.040122,2.036404,2.032075,2.027921,2.024914,2.021618,2.018494,2.01523,2.011389
1,4/22/2023,6:14 PM,1340,5.259406,950,1525,4.956368,4.956044,4.95645,4.95532,4.956386,4.956285,4.953345,4.948908,4.947321,4.944614,4.943843,4.939722,4.93794,4.935957,4.933594,4.930839,4.927731,4.927197,4.924615,4.92424,4.923429,4.920899,4.918933,4.917176,4.915899,4.913826,4.91255,4.913098,4.910122,4.909756,4.905942,4.905,4.903695,4.903125,4.900124,4.897986,4.897395,4.89444,4.892205,4.891198,4.891353,4.885997,4.8846,4.885651,4.885501,4.880537,4.879177,4.877043,4.876189,4.874578,4.875344,4.874175,4.870395,4.869786,4.867865,4.868032,4.866439,4.865803,4.864239,4.86304,4.861558,4.862269,4.861279,4.858911,4.84524,4.836641,4.828857,4.823747,4.818546,4.816494,4.816889,4.815125,4.813986,4.810514,4.810953,4.810413,4.808278,4.807837,4.806538,4.805376,4.805457,4.806705,4.808922,4.80871,4.80754,4.808216,4.807149,4.805911,4.805233,4.806713,4.805538,4.80613,4.807307,4.807236,4.806892,4.806633,4.807424,4.808989,4.812723,4.811861,4.812166,4.813468,4.811722,4.811835,4.812185,4.813974,4.815941,4.819512,4.820345,4.82355,4.823129,4.82194,4.823153,4.825254,4.828104,4.831482,4.834226,4.833919,4.83725,4.842764,4.845756,4.845639,4.846607,4.847635,4.847888,4.851464,4.854842,4.857035,4.859247,4.862926,4.865218,4.867483,4.870234,4.874044,4.876937,4.878541,4.880937,4.884257,4.885836,4.889771,4.892943,4.895925,4.898761,4.901488,4.901963,4.907187,4.911438,4.912864,4.916549,4.921838,4.924635,4.927204,4.932425,4.932775,4.933571,4.937296,4.940856,4.94446,4.946153,4.947393,4.950038,4.95422,4.95798,4.961966,4.966736,4.969645,4.972633,4.97594,4.977425,4.979738,4.984846,4.986738,4.990461,4.992107,4.996329,4.998615,5.00182,5.00378,5.007578,5.011401,5.015872,5.018546,5.021052,5.022664,5.026126,5.027939,5.030148,5.032131,5.033914,5.035243,5.037902,5.038717,5.040881,5.044345,5.047506,5.050098,5.05298,5.056718,5.059452,5.060433,5.063878,5.069253,5.072824,5.074451,5.076193,5.076811,5.07923,5.080897,5.085609,5.088682,5.089318,5.091087,5.09285,5.099513,5.101716,5.102736,5.106504,5.107164,5.109677,5.111202,5.112121,5.114396,5.118263,5.118199,5.122272,5.12475,5.12647,5.131507,5.131472,5.134462,5.136072,5.139853,5.141245,5.142832,5.145201,5.14501,5.147725,5.150012,5.151366,5.152184,5.154878,5.154668,5.158288,5.160526,5.162671,5.162263,5.164721,5.16866,5.170307,5.171025,5.171936,5.175671,5.177939,5.178972,5.181388,5.183928,5.18858,5.188873,5.187748,5.187599,5.19062,5.193741,5.195569,5.196012,5.199585,5.199915,5.200996,5.203768,5.20545,5.208686,5.211306,5.211586,5.212973,5.214352,5.217063,5.215971,5.218401,5.222477,5.225436,5.225293,5.22753,5.227993,5.226995,5.228408,5.230073,5.229885,5.230316,5.229021,5.231551,5.233395,5.231488,5.233274,5.231762,5.231732,5.231335,5.231882,5.23293,5.23236,5.230187,5.232033,5.231232,5.23169,5.233807,5.231672,5.238175,5.242609,5.245428,5.24978,5.252697,5.255725,5.2566,5.254594,5.255692,5.254359,5.252948,5.251429,5.252275,5.251685,5.251101,5.249371,5.246107,5.244056,5.243366,5.241533,5.240971,5.242322,5.241621,5.23884,5.232857,5.229753,5.229137,5.226,5.222292,5.221124,5.218561,5.213856,5.211952,5.207017,5.205417,5.201417,5.197066,5.195227,5.193246,5.190239,5.185995,5.184255,5.181592,5.178602,5.173955,5.169547,5.167235,5.165351,5.161817,5.157262,5.155122,5.150322,5.145978,5.141438,5.138737,5.133879,5.132267,5.129481,5.122624,5.119972,5.117404,5.11292,5.109646,5.103994,5.100163,5.097175,5.091888,5.086981,5.085327,5.079009,5.074131,5.069968,5.063849,5.060844,5.054362,5.04978,5.045269,5.040545,5.035472,5.031534,5.026613,5.021766,5.017613,5.01157,5.009294,5.006278,5.001655,4.998641,4.993967,4.987326,4.983498,4.977245,4.974613,4.968054,4.96247,4.957701,4.951964,4.949098,4.943263,4.939548,4.932445,4.928977,4.923727,4.919414,4.916499,4.911384,4.901907,4.899351,4.89691,4.891743,4.886304,4.884483,4.8791,4.87653,4.873405,4.866382,4.860618,4.856528,4.851985,4.846781,4.841964,4.83596,4.831419,4.826366,4.820176,4.814273,4.808385,4.804556,4.799741,4.794869,4.79145,4.786412,4.782299,4.778129,4.774265,4.768749,4.763719,4.760369,4.753013,4.748309,4.744329,4.741479,4.736915,4.731078,4.725407,4.719809,4.715023,4.712079,4.706001,4.701937,4.698433,4.694402,4.690281,4.686652,4.683019,4.678994,4.675775
1,4/22/2023,7:18 PM,1020.000000,1.039997,950.000000,1525.000000,1.010241,1.010125,1.010506,1.011255,1.014744,1.017955,1.020154,1.021118,1.020026,1.020094,1.017871,1.021122,1.023829,1.025042,1.025353,1.022688,1.022286,1.017606,1.018811,1.020429,1.021054,1.022025,1.021866,1.020249,1.013425,1.015253,1.016587,1.018668,1.022255,1.026354,1.028667,1.028197,1.026487,1.025201,1.024488,1.026078,1.031605,1.035769,1.038162,1.037065,1.033051,1.028154,1.021218,1.023990,1.025389,1.027226,1.030594,1.033014,1.032077,1.019018,1.018601,1.017948,1.021031,1.027479,1.033387,1.037688,1.039997,1.039041,1.037996,1.032255,1.033204,1.035009,1.035486,1.036126,1.036561,1.033728,1.030694,1.024629,1.024748,1.023485,1.025512,1.029752,1.032166,1.033133,1.027735,1.023602,1.022236,1.021963,1.026725,1.030037,1.032865,1.033895,1.031848,1.030455,1.022514,1.017554,1.020549,1.022134,1.024638,1.027588,1.028700,1.028998,1.027383,1.026351,1.027120,1.029330,1.032234,1.033982,1.034989,1.033399,1.028311,1.026229,1.023901,1.022579,1.020873,1.021404,1.020994,1.018115,1.018463,1.020078,1.020585,1.022126,1.026067,1.028360,1.029383,1.027192,1.022373,1.019783,1.019975,1.022711,1.028211,1.032020,1.034336,1.034330,1.028833,1.025761,1.018354,1.019118,1.022195,1.023931,1.025687,1.024945,1.024211,1.018614,1.019154,1.018660,1.020613,1.024642,1.027353,1.028768,1.027702,1.016261,1.012332,1.012736,1.016871,1.021394,1.024584,1.028273,1.029454,1.029813,1.025566,1.025238,1.027061,1.028006,1.029802,1.033492,1.035588,1.035938,1.033100,1.026437,1.016930,1.014650,1.018287,1.021758,1.023997,1.025068,1.023203,1.022159,1.020599,1.022939,1.023817,1.025259,1.027000,1.026445,1.026079,1.022637,1.020799,1.021142,1.019648,1.022111,1.023352,1.023732,1.022321,1.008418,1.004128,1.005261,1.008312,1.011988,1.015890,1.019126,1.021428,1.022042,1.023506,1.024966,1.025847,1.027228,1.029949,1.030911,1.031445,1.029137,1.016022,1.014955,1.013063,1.015342,1.019633,1.023010,1.025807,1.027735,1.025599,1.024088,1.021489,1.020476,1.023057,1.024105,1.023489,1.019385,1.015523,1.014041,1.015978,1.019151,1.023289,1.029298,1.034325,1.038254,1.039697,1.037932,1.027038,1.011379,1.007576,1.008767,1.009063,1.009436,1.008710,1.008780,1.010024,1.013454,1.017343,1.020219,1.023182,1.025272,1.025314,1.024795,1.021114,1.021454,1.020892,1.021832,1.024429,1.027755,1.029741,1.029669,1.022661,1.019544,1.017406,1.018573,1.022892,1.026193,1.028875,1.028304,1.025469,1.023670,1.020427,1.020215,1.023673,1.025825,1.028891,1.030754,1.030393,1.029987,1.025173,1.022374,1.020246,1.019793,1.019928,1.019591,1.017887,1.016244,1.015368,1.017959,1.020852,1.022676,1.024751,1.025810,1.024698,1.024104,1.019051,1.019392,1.021478,1.021963,1.024095,1.027248,1.028574,1.029415,1.022455,1.014496,1.010922,1.011752,1.013620,1.016799,1.019330,1.020686,1.017007,1.011473,1.009367,1.008924,1.010697,1.014172,1.017103,1.019075,1.020036,1.020205,1.020723,1.023862,1.025575,1.027902,1.030018,1.030489,1.030704,1.027947,1.027259,1.026589,1.029696,1.032756,1.034879,1.036437,1.036470,1.029946,1.026982,1.024002,1.024671,1.026405,1.027187,1.028812,1.029171,1.029796,1.026843,1.020086,1.021729,1.022407,1.025204,1.029684,1.033034,1.035654,1.031804,1.025321,1.022285,1.019991,1.020895,1.024686,1.027594,1.030133,1.030201,1.030348,1.029001,1.027406,1.026103,1.025075,1.023202,1.020031,1.018765,1.014261,1.012898,1.016034,1.018376,1.022953,1.027180,1.030448,1.032084,1.030902,1.018713,1.015329,1.014913,1.018443,1.022030,1.025000,1.027318,1.026582,1.026564,1.023513,1.024010,1.023999,1.026439,1.029892,1.032964,1.035509,1.031188,1.023566,1.017736,1.015379,1.015623,1.017532,1.019296,1.020758,1.017368,1.016213,1.014597,1.016315,1.021159,1.025757,1.029175,1.029741,1.026856,1.026258,1.019443,1.015280,1.019360,1.023468,1.026417,1.029376,1.029539,1.029733,1.027086,1.026924,1.026889,1.031146,1.035123,1.038246,1.040218,1.040015,1.032489,1.029581,1.029014,1.030386,1.031259,1.033025,1.034923,1.034451,1.034435,1.027562,1.025267,1.024554,1.027051,1.029187,1.031032,1.028478,1.022152,1.017745,1.013684,1.015191,1.020625,1.026337,1.031239,1.034153,1.035109,1.035756,1.032483,1.030128,1.030904,1.031624,1.034337,1.036705,1.037438,1.038650,1.037152,1.028322,1.023124,1.020937,1.020631,1.020416,1.019879,1.019934,1.024257
0,4/23/2023,10:40 PM,6086.956522,8.828671,5925.000000,6425.000000,3.879620,3.875949,3.880513,3.894730,3.913810,3.929198,3.951902,3.978852,4.004083,4.029886,4.057260,4.078195,4.099756,4.124992,4.158640,4.188339,4.213378,4.240253,4.277262,4.309159,4.335930,4.369430,4.396192,4.435303,4.463439,4.500990,4.535627,4.563704,4.592842,4.633613,4.674471,4.712995,4.740315,4.770899,4.801644,4.833004,4.876487,4.919023,4.959961,4.998491,5.035896,5.070104,5.108562,5.151274,5.192488,5.232903,5.268478,5.310854,5.352602,5.392907,5.431339,5.468791,5.502756,5.552147,5.585484,5.628109,5.662775,5.704397,5.743608,5.763317,5.817968,5.858440,5.912532,5.960804,6.008278,6.044964,6.084801,6.133197,6.175282,6.218303,6.276428,6.318743,6.367282,6.408769,6.448872,6.509198,6.559370,6.598881,6.643890,6.693901,6.733585,6.776037,6.819678,6.868626,6.908684,6.958422,7.010695,7.060194,7.112906,7.153793,7.196443,7.239684,7.281260,7.321289,7.362679,7.406529,7.448629,7.487440,7.523563,7.563308,7.602485,7.655250,7.692802,7.740922,7.775541,7.811170,7.844341,7.897861,7.934582,7.971017,8.010074,8.043378,8.081347,8.117408,8.147910,8.179158,8.223219,8.261768,8.290618,8.321191,8.346115,8.379398,8.402085,8.431201,8.458904,8.495681,8.520005,8.549443,8.575522,8.597817,8.612818,8.634918,8.658036,8.677593,8.688102,8.698539,8.720909,8.730368,8.740459,8.755695,8.770382,8.776069,8.782567,8.787921,8.796605,8.808314,8.814664,8.819233,8.820102,8.816823,8.811097,8.802628,8.795241,8.795038,8.782362,8.774156,8.773479,8.764052,8.762161,8.741695,8.728210,8.717009,8.696291,8.691623,8.678494,8.652799,8.635984,8.608179,8.585405,8.565279,8.554928,8.533926,8.503836,8.483004,8.454416,8.412835,8.389887,8.360977,8.328870,8.294262,8.268525,8.243286,8.212023,8.175742,8.134912,8.104959,8.064488,8.013900,7.988423,7.941387,7.898612,7.855205,7.799826,7.770592,7.724642,7.692487,7.653386,7.622387,7.574146,7.523150,7.472920,7.436455,7.390227,7.332249,7.294497,7.257892,7.227533,7.181817,7.139135,7.087518,7.050327,7.009204,6.964462,6.925244,6.862604,6.804959,6.770199,6.726914,6.684647,6.649395,6.590257,6.545584,6.509044,6.469659,6.430288,6.389739,6.343782,6.288068,6.245057,6.186705,6.146952,6.106412,6.057304,6.022322,5.969825,5.931996,5.891245,5.840983,5.803263,5.758651,5.725086,5.680230,5.634684,5.600298,5.557409,5.509229,5.462821,5.432101,5.399015,5.353441,5.321432,5.288217,5.251068,5.203655,5.172893,5.138227,5.093330,5.051230,5.015214,4.972656,4.938009,4.895390,4.868450,4.830109,4.795125,4.765763,4.727653,4.698201,4.666457,4.635599,4.605691,4.566526,4.538682,4.499042,4.461021,4.434160,4.406253,4.373841,4.338226,4.303098,4.279990,4.246926,4.214290,4.190070,4.159576,4.134315,4.108899,4.073919,4.041027,4.017683,3.994238,3.970205,3.945032,3.913790,3.881729,3.858933,3.829068,3.799708,3.778218,3.758040,3.728625,3.700817,3.675922,3.655454,3.629317,3.609907,3.584281,3.564454,3.538954,3.514861,3.492228,3.467348,3.449928,3.430604,3.410981,3.388586,3.370627,3.353194,3.328623,3.304751,3.287355,3.268247,3.250099,3.232357,3.207262,3.190287,3.173443,3.151798,3.130301,3.110201,3.095005,3.075376,3.060672,3.040761,3.025525,3.009472,2.993450,2.973505,2.958282,2.940010,2.921960,2.904008,2.890559,2.876973,2.859829,2.846254,2.832768,2.814590,2.798033,2.782713,2.766846,2.751331,2.739757,2.727851,2.716424,2.704054,2.690646,2.677901,2.664851,2.651856,2.638939,2.623089,2.607689,2.596404,2.582156,2.571208,2.560861,2.548921,2.533896,2.521149,2.511517,2.500695,2.490891,2.480578,2.469790,2.456962,2.446545,2.434664,2.424778,2.414861,2.402770,2.391225,2.379686,2.371168,2.362556,2.352060,2.343512,2.334960,2.326428,2.315787,2.307579,2.297943,2.289902,2.279555,2.272489,2.264127,2.254901,2.244949,2.236569,2.228553,2.222115,2.214375,2.206739,2.199073,2.191086,2.185568,2.179624,2.173617,2.167141,2.161549,2.153284,2.147106,2.139503,2.132567,2.127437,2.122142,2.116934,2.111712,2.106290,2.100293,2.093653,2.087955,2.083557,2.078701,2.073036,2.068973,2.064604,2.060217,2.055907,2.051566,2.047387,2.041911,2.036778,2.032876,2.029671,2.026390,2.022128,2.019339,2.016192,2.012498,2.009281,2.006527,2.003326,2.000849,1.998596,1.996256,1.994160,1.991692,1.989136,1.987067,1.985134,1.983310,1.981526,1.979478,1.978030,1.976565,1.975026,1.973629,1.972281,1.971174,1.970144
0,4/23/2023,10:41 PM,6083.695652,8.821174,5925.000000,6425.000000,3.913454,3.912064,3.913791,3.919891,3.933388,3.950666,3.963515,3.978893,3.997903,4.025409,4.053490,4.083717,4.103873,4.128601,4.161922,4.193628,4.226784,4.256869,4.290074,4.314286,4.343865,4.369271,4.396914,4.426232,4.465168,4.500061,4.539230,4.575241,4.612543,4.644197,4.670918,4.706932,4.742545,4.778463,4.815008,4.845333,4.880290,4.911346,4.945534,4.987668,5.027651,5.065906,5.098929,5.141002,5.174025,5.209790,5.246678,5.290778,5.328382,5.372715,5.410123,5.455380,5.489602,5.531378,5.579307,5.615310,5.663627,5.712703,5.750800,5.787564,5.826085,5.875937,5.916037,5.957106,6.002301,6.044282,6.098486,6.150115,6.196786,6.232299,6.271227,6.314520,6.356625,6.399089,6.457654,6.499338,6.541864,6.586708,6.639823,6.690560,6.734277,6.779976,6.819722,6.874986,6.920514,6.965329,7.009370,7.058515,7.098771,7.134834,7.174917,7.210869,7.261621,7.312758,7.352228,7.395242,7.449742,7.487171,7.526954,7.564823,7.608992,7.663744,7.702695,7.739401,7.781793,7.816742,7.862239,7.897085,7.931733,7.968970,8.016545,8.047509,8.081976,8.112590,8.119831,8.162433,8.198032,8.238451,8.276150,8.311008,8.353880,8.378421,8.401181,8.425157,8.460064,8.483673,8.517420,8.545187,8.576268,8.590102,8.612024,8.639818,8.647421,8.661746,8.676544,8.697760,8.714780,8.733342,8.750089,8.763206,8.779406,8.787450,8.799420,8.805093,8.804895,8.806030,8.812027,8.815272,8.810779,8.808163,8.805455,8.805604,8.802759,8.800328,8.796091,8.787875,8.775668,8.773333,8.762848,8.751545,8.741441,8.724203,8.708635,8.684624,8.675860,8.655818,8.638841,8.616920,8.597431,8.570874,8.541962,8.520127,8.486239,8.465286,8.443857,8.398129,8.370469,8.346213,8.314675,8.279357,8.251495,8.226118,8.198587,8.166896,8.127879,8.087520,8.047292,8.006342,7.972512,7.932402,7.896286,7.864852,7.815216,7.767610,7.722245,7.690969,7.648252,7.601056,7.559258,7.525636,7.489186,7.449704,7.409310,7.354553,7.318217,7.276919,7.241141,7.190568,7.147972,7.103232,7.049520,7.013437,6.970365,6.924990,6.883480,6.823857,6.769080,6.724018,6.671066,6.634313,6.583284,6.546074,6.495907,6.456665,6.412477,6.368032,6.320159,6.283463,6.247328,6.191387,6.150386,6.110727,6.060357,6.022912,5.971087,5.925439,5.884746,5.835826,5.803206,5.769990,5.715875,5.680604,5.644629,5.607426,5.568906,5.531129,5.489510,5.453053,5.408145,5.360858,5.324673,5.289109,5.239657,5.205947,5.170181,5.134718,5.100461,5.066367,5.030990,4.988421,4.945071,4.900330,4.874721,4.842020,4.806273,4.773815,4.734839,4.695480,4.667419,4.636789,4.604496,4.564616,4.536043,4.497741,4.462160,4.425709,4.398976,4.365207,4.333219,4.308198,4.283348,4.251565,4.220233,4.193082,4.168010,4.133492,4.107394,4.073582,4.048453,4.023536,4.000401,3.975210,3.949654,3.923187,3.897469,3.870851,3.838422,3.808647,3.785993,3.758079,3.735953,3.706664,3.679797,3.658846,3.633181,3.612502,3.591388,3.570477,3.548515,3.522623,3.498860,3.478412,3.452549,3.433904,3.410567,3.391501,3.372966,3.354372,3.329966,3.305270,3.283379,3.266870,3.249838,3.225371,3.202478,3.186434,3.164802,3.148944,3.128784,3.113228,3.092371,3.076696,3.055751,3.037767,3.022572,3.007136,2.988457,2.969777,2.956081,2.937233,2.919999,2.906920,2.892718,2.878494,2.863648,2.844660,2.826826,2.809911,2.794257,2.779740,2.767736,2.755919,2.740232,2.728252,2.716564,2.703790,2.691160,2.678393,2.662408,2.646658,2.634320,2.622604,2.610444,2.598801,2.587033,2.574363,2.559354,2.544844,2.532247,2.518361,2.505392,2.496413,2.487620,2.477762,2.467702,2.457254,2.445156,2.435143,2.425131,2.415154,2.402796,2.391326,2.380121,2.369343,2.358678,2.350726,2.340568,2.329947,2.320614,2.310753,2.303783,2.296763,2.287406,2.278112,2.269819,2.261149,2.254224,2.247094,2.238854,2.231655,2.224884,2.216278,2.207702,2.200253,2.192164,2.184973,2.179119,2.171894,2.166178,2.160439,2.152987,2.145692,2.138831,2.132392,2.127199,2.121948,2.116754,2.111256,2.105691,2.099180,2.092753,2.086847,2.081631,2.076857,2.071334,2.067476,2.063411,2.059315,2.054276,2.050097,2.046572,2.041570,2.038313,2.033561,2.029633,2.026542,2.023365,2.019231,2.016327,2.013628,2.010166,2.007219,2.004446,2.001134,1.998199,1.995283,1.992879,1.990947,1.989229,1.987203,1.985286,1.983122,1.981352,1.979597,1.978080,1.976389,1.974755,1.973345,1.972167,1.970905,1.969978
0,4/23/2023,10:45 PM,6084.782609,8.817995,5925.000000,6425.000000,3.880418,3.877381,3.881321,3.890263,3.909438,3.924884,3.949610,3.974744,3.993582,4.014895,4.039174,4.063783,4.089662,4.117233,4.144781,4.180364,4.217874,4.250980,4.276684,4.304845,4.338515,4.375045,4.402207,4.439263,4.473471,4.507476,4.534503,4.563890,4.604023,4.640120,4.673649,4.709905,4.738143,4.777893,4.816723,4.847963,4.878435,4.918592,4.947520,4.979344,5.021938,5.058498,5.092737,5.128419,5.174650,5.220982,5.256379,5.290658,5.339525,5.382243,5.415034,5.458219,5.493991,5.529811,5.569747,5.608320,5.662268,5.699115,5.737738,5.778836,5.832114,5.876456,5.922760,5.962089,6.001407,6.045281,6.094332,6.133011,6.190435,6.233933,6.285655,6.321977,6.375821,6.415033,6.465108,6.508561,6.564045,6.606245,6.649111,6.686637,6.730766,6.781969,6.822544,6.864995,6.903441,6.943912,6.996250,7.038002,7.080475,7.131668,7.175436,7.221359,7.262229,7.306859,7.359969,7.398670,7.438991,7.477493,7.526548,7.565134,7.603630,7.652356,7.701099,7.737669,7.778154,7.814667,7.851256,7.894644,7.934917,7.978807,8.017722,8.046440,8.081175,8.116375,8.142232,8.177815,8.212472,8.246768,8.284995,8.319293,8.348464,8.374456,8.403913,8.438183,8.461678,8.489274,8.509285,8.532796,8.555973,8.580048,8.598123,8.624246,8.641416,8.664264,8.688731,8.702227,8.718435,8.724380,8.737775,8.758357,8.772169,8.781817,8.788757,8.790255,8.800903,8.806458,8.806386,8.810856,8.810520,8.811726,8.810870,8.809528,8.796786,8.791928,8.792300,8.787567,8.782710,8.775508,8.751998,8.737771,8.726585,8.708964,8.695005,8.681212,8.666761,8.642330,8.625452,8.603960,8.584634,8.564970,8.543669,8.528584,8.497678,8.474116,8.450620,8.417696,8.387328,8.356717,8.328815,8.294162,8.248199,8.212657,8.174891,8.147705,8.100307,8.077001,8.026213,7.997056,7.962263,7.927786,7.895791,7.854893,7.802303,7.763392,7.722912,7.683178,7.649630,7.598784,7.569845,7.530522,7.489169,7.431190,7.393472,7.350087,7.302710,7.255042,7.222394,7.178018,7.132490,7.082116,7.040352,6.999144,6.950590,6.912122,6.860887,6.820127,6.778478,6.728270,6.677459,6.636721,6.583234,6.539588,6.491879,6.453180,6.418029,6.375445,6.316922,6.275823,6.237250,6.196994,6.155912,6.117004,6.075127,6.026763,5.986123,5.946180,5.897569,5.845134,5.796068,5.750196,5.711155,5.675325,5.641294,5.604631,5.558561,5.506871,5.474065,5.437230,5.403134,5.364441,5.319154,5.282852,5.247891,5.200810,5.170628,5.136879,5.091764,5.057125,5.013984,4.980504,4.937239,4.902158,4.875304,4.843645,4.800537,4.770097,4.737191,4.705482,4.671680,4.629745,4.599489,4.563422,4.524189,4.498319,4.469022,4.440619,4.410231,4.374849,4.344745,4.314047,4.288971,4.259576,4.222306,4.194930,4.161339,4.127831,4.093119,4.069687,4.046093,4.013151,3.985935,3.955200,3.933444,3.911368,3.879797,3.851333,3.825024,3.804164,3.779789,3.753212,3.724669,3.704024,3.677974,3.652888,3.627429,3.608418,3.582329,3.563539,3.543502,3.522948,3.496714,3.476597,3.455967,3.429995,3.405520,3.387716,3.364340,3.346996,3.322575,3.305153,3.281241,3.259819,3.239780,3.224144,3.203166,3.186736,3.168729,3.151486,3.134414,3.113384,3.096356,3.075777,3.054109,3.039532,3.020016,3.005215,2.989635,2.974869,2.955436,2.940696,2.921751,2.908129,2.893610,2.875300,2.861562,2.847350,2.830090,2.813576,2.800153,2.782457,2.769697,2.757018,2.739638,2.726697,2.715222,2.702635,2.689637,2.676662,2.660373,2.645496,2.634263,2.618955,2.607142,2.595813,2.581902,2.570950,2.556288,2.543206,2.533033,2.519264,2.509280,2.496691,2.488039,2.475391,2.463447,2.454049,2.444361,2.434728,2.421314,2.411875,2.399998,2.391403,2.379644,2.371273,2.360339,2.349453,2.338363,2.331034,2.323421,2.312693,2.304923,2.296825,2.287429,2.279795,2.270136,2.262791,2.253319,2.244273,2.236481,2.228064,2.219871,2.212108,2.206140,2.198091,2.190089,2.184750,2.177241,2.171413,2.165857,2.160203,2.152016,2.146641,2.140864,2.134990,2.127299,2.120809,2.115595,2.110707,2.104758,2.099791,2.092802,2.087083,2.082314,2.077981,2.071895,2.067593,2.061812,2.058106,2.052722,2.049227,2.044107,2.040832,2.037355,2.033267,2.029850,2.025792,2.022007,2.018951,2.015920,2.012967,2.008850,2.005881,2.002792,1.999740,1.996651,1.994467,1.992464,1.990423,1.988269,1.986033,1.983688,1.982030,1.980206,1.978452,1.976984,1.975118,1.973899,1.972934,1.971414,1.970442,1.969602
1,4/23/2023,10:48 PM,1336.250000,5.246890,950.000000,1525.000000,4.938585,4.938726,4.938576,4.937742,4.937644,4.936580,4.934067,4.932127,4.931905,4.931047,4.929019,4.928008,4.924732,4.926088,4.927066,4.923578,4.924029,4.923358,4.921436,4.917652,4.918286,4.913414,4.910319,4.908528,4.904780,4.903702,4.901041,4.899115,4.896579,4.893931,4.892470,4.890689,4.890892,4.888823,4.883770,4.883393,4.882021,4.880306,4.878393,4.877051,4.875121,4.876742,4.875231,4.873126,4.872890,4.873080,4.871341,4.870586,4.868423,4.869350,4.866528,4.864409,4.862096,4.862381,4.863623,4.860453,4.859116,4.857194,4.855047,4.854479,4.854631,4.854809,4.854140,4.851481,4.841377,4.833933,4.827514,4.823945,4.816699,4.810578,4.809141,4.806918,4.805575,4.804509,4.803113,4.803854,4.801628,4.798298,4.798545,4.797825,4.799240,4.799654,4.800757,4.801628,4.802659,4.804202,4.802674,4.801673,4.800883,4.799897,4.800135,4.799206,4.799277,4.799879,4.799585,4.798122,4.800741,4.799370,4.800348,4.802151,4.803421,4.805739,4.806008,4.809368,4.810520,4.812582,4.811584,4.813554,4.814089,4.817245,4.818674,4.819548,4.820733,4.822938,4.824549,4.829273,4.830130,4.832448,4.833587,4.836759,4.838732,4.842227,4.842934,4.845387,4.846789,4.852135,4.852404,4.854177,4.857488,4.860987,4.864350,4.867491,4.870623,4.872268,4.872689,4.877650,4.878706,4.881321,4.885099,4.888300,4.891117,4.895306,4.898195,4.901567,4.904886,4.907558,4.912200,4.915670,4.918090,4.917904,4.922667,4.925237,4.928438,4.933303,4.935689,4.938019,4.940082,4.943732,4.947614,4.950059,4.952767,4.956545,4.960481,4.962868,4.966743,4.969263,4.974326,4.978280,4.982901,4.985138,4.988403,4.991138,4.991127,4.996459,4.999207,5.001857,5.003237,5.008120,5.012714,5.016275,5.019587,5.023562,5.024777,5.027360,5.028894,5.029830,5.033227,5.035922,5.037767,5.041455,5.046441,5.047347,5.047560,5.049744,5.057071,5.058037,5.061234,5.066376,5.067841,5.068581,5.073582,5.076318,5.078544,5.079677,5.080677,5.084209,5.084155,5.084641,5.087271,5.091586,5.092712,5.095073,5.100168,5.104277,5.106749,5.107948,5.108756,5.110851,5.113035,5.114708,5.115145,5.116526,5.119677,5.121469,5.124951,5.127114,5.131107,5.131917,5.133964,5.134445,5.137279,5.137506,5.137972,5.139916,5.141991,5.143473,5.147742,5.149423,5.151659,5.154069,5.155069,5.159134,5.160190,5.162299,5.161918,5.164593,5.167204,5.168524,5.170537,5.175324,5.177262,5.179187,5.182085,5.185897,5.184963,5.185526,5.186552,5.188627,5.189142,5.190154,5.190960,5.192334,5.193627,5.194458,5.196677,5.198781,5.200204,5.200219,5.202240,5.202941,5.204247,5.204865,5.206825,5.209065,5.210744,5.215505,5.215489,5.215069,5.217058,5.217113,5.216911,5.218082,5.218631,5.220532,5.221215,5.220157,5.221043,5.221406,5.224257,5.221510,5.224045,5.222290,5.223755,5.224877,5.226249,5.227049,5.225247,5.224078,5.222445,5.224288,5.223630,5.222201,5.218580,5.218967,5.229851,5.236104,5.238571,5.242199,5.244476,5.244235,5.245265,5.249037,5.248863,5.247976,5.247195,5.245199,5.244537,5.240850,5.238389,5.236291,5.234502,5.232610,5.230229,5.230227,5.228323,5.225286,5.224775,5.221364,5.218989,5.216989,5.212547,5.210549,5.209070,5.205861,5.204759,5.200561,5.196023,5.191801,5.192256,5.187846,5.183771,5.182302,5.178280,5.176322,5.173404,5.170065,5.165810,5.163723,5.160298,5.156401,5.150827,5.146786,5.141002,5.137844,5.133490,5.128165,5.124628,5.120402,5.118942,5.115750,5.114163,5.109384,5.105125,5.101530,5.095171,5.090873,5.083254,5.079620,5.074790,5.073316,5.067402,5.062907,5.057814,5.054476,5.050214,5.044500,5.038931,5.035625,5.032701,5.029071,5.024004,5.017270,5.014854,5.008456,5.003780,4.999676,4.995384,4.990741,4.982358,4.978635,4.973997,4.971587,4.967820,4.965057,4.959654,4.954482,4.948218,4.944608,4.939649,4.936045,4.929369,4.923706,4.919441,4.914805,4.909705,4.902582,4.897564,4.894207,4.890264,4.885200,4.882086,4.876015,4.871418,4.863147,4.857364,4.850914,4.848814,4.844836,4.840522,4.836202,4.832469,4.825431,4.821496,4.816628,4.812573,4.808736,4.804727,4.797268,4.791512,4.787574,4.785067,4.781204,4.774633,4.770302,4.765631,4.760761,4.754636,4.749844,4.747246,4.742539,4.738070,4.733690,4.729231,4.722965,4.718967,4.713734,4.709901,4.704840,4.700255,4.695630,4.693381,4.687968,4.683150,4.678379,4.674256,4.670871,4.664535,4.659639,4.655539,4.649297,4.645095
1,4/23/2023,10:49 PM,1341.250000,5.246468,950.000000,1525.000000,4.927176,4.929178,4.929885,4.932541,4.932257,4.931007,4.931981,4.931085,4.930834,4.932318,4.930299,4.929230,4.926952,4.926485,4.924069,4.920483,4.918074,4.917905,4.918083,4.916469,4.911075,4.908397,4.909152,4.907970,4.907167,4.904718,4.903855,4.902331,4.899925,4.897216,4.895522,4.888934,4.890702,4.888827,4.887238,4.885076,4.882610,4.881140,4.879255,4.877555,4.875025,4.873731,4.871554,4.870042,4.867280,4.866358,4.864616,4.864971,4.864246,4.862408,4.862518,4.861807,4.861043,4.858819,4.857690,4.857775,4.857396,4.857563,4.855288,4.853846,4.852197,4.851785,4.849844,4.848220,4.835448,4.827341,4.821759,4.818400,4.814476,4.811906,4.807292,4.806901,4.805871,4.804499,4.803576,4.802286,4.799894,4.800090,4.800461,4.798787,4.796883,4.796694,4.797358,4.797838,4.799377,4.800422,4.800148,4.801530,4.801368,4.801487,4.804260,4.804625,4.806905,4.806592,4.805272,4.806389,4.807887,4.808680,4.807218,4.806586,4.809002,4.810742,4.811346,4.812747,4.814522,4.814013,4.813740,4.814672,4.817891,4.821064,4.820947,4.820282,4.824067,4.826358,4.826734,4.827928,4.829273,4.829532,4.832283,4.835151,4.837922,4.838685,4.842535,4.843584,4.845525,4.851913,4.853181,4.852760,4.855566,4.859132,4.861010,4.862193,4.865930,4.870397,4.872054,4.876442,4.879024,4.882103,4.885702,4.889864,4.892109,4.897224,4.899422,4.903151,4.905347,4.908791,4.911179,4.914279,4.915948,4.919619,4.923025,4.925768,4.931321,4.935419,4.936113,4.942169,4.944263,4.947254,4.949000,4.950076,4.952148,4.954306,4.959897,4.963217,4.966057,4.968714,4.972270,4.976052,4.978900,4.981586,4.985528,4.988663,4.990398,4.994704,5.000064,5.002509,5.006607,5.009583,5.012278,5.015899,5.017901,5.021707,5.024179,5.029066,5.030294,5.031733,5.032728,5.036537,5.037764,5.043341,5.047270,5.049049,5.049263,5.051580,5.053833,5.055808,5.060011,5.062542,5.065182,5.069320,5.070057,5.072861,5.077403,5.080288,5.082140,5.084422,5.085164,5.087578,5.089677,5.092644,5.093648,5.096665,5.100731,5.101017,5.102418,5.107049,5.109526,5.110862,5.112385,5.114374,5.117565,5.118987,5.119826,5.122679,5.127215,5.127591,5.127072,5.130689,5.134189,5.135114,5.136853,5.139033,5.141655,5.145558,5.145558,5.147553,5.150948,5.149786,5.152824,5.153291,5.155479,5.157802,5.158822,5.163198,5.165305,5.165641,5.165709,5.166027,5.170003,5.172550,5.175004,5.176674,5.176275,5.176136,5.176605,5.180289,5.185075,5.185848,5.189388,5.190490,5.190956,5.190001,5.191602,5.193296,5.195665,5.197515,5.198659,5.199581,5.201139,5.205284,5.209274,5.208087,5.208199,5.207598,5.209831,5.211743,5.213449,5.211657,5.213542,5.216716,5.216966,5.220256,5.218039,5.219897,5.223698,5.222950,5.226705,5.225142,5.221874,5.221385,5.221037,5.222411,5.222679,5.224780,5.225404,5.221941,5.221182,5.223346,5.222685,5.223503,5.224486,5.225304,5.225062,5.224462,5.235127,5.238596,5.243629,5.247283,5.247589,5.249234,5.247875,5.246423,5.244473,5.242973,5.241007,5.236911,5.234894,5.233997,5.236937,5.236327,5.232763,5.231457,5.230602,5.229014,5.229378,5.227436,5.225206,5.223582,5.220448,5.216966,5.215442,5.212058,5.208140,5.203790,5.200198,5.198226,5.196482,5.193775,5.189039,5.184845,5.180796,5.179242,5.173611,5.172886,5.167005,5.164324,5.160610,5.157228,5.155127,5.152262,5.148011,5.142989,5.137837,5.135972,5.134531,5.129790,5.126581,5.119946,5.112864,5.109768,5.108129,5.103482,5.101054,5.097640,5.092839,5.088938,5.085876,5.081609,5.077830,5.072577,5.070320,5.065877,5.060755,5.054994,5.048960,5.047591,5.041625,5.036442,5.031707,5.027333,5.022754,5.019778,5.014688,5.008330,5.005890,5.003573,4.995907,4.988939,4.984915,4.980194,4.975094,4.972932,4.967554,4.961509,4.957295,4.953773,4.948658,4.944665,4.939240,4.934984,4.928926,4.923621,4.920757,4.914777,4.910392,4.904493,4.900147,4.895471,4.890390,4.886054,4.882837,4.877317,4.872333,4.868520,4.862491,4.858825,4.852013,4.846262,4.841617,4.839012,4.833598,4.829725,4.820843,4.816971,4.812628,4.808218,4.804018,4.800084,4.795443,4.789995,4.785410,4.779504,4.776706,4.771374,4.766771,4.760008,4.756752,4.752462,4.747691,4.743369,4.738343,4.733312,4.728603,4.724657,4.718580,4.713809,4.708863,4.702144,4.700247,4.696380,4.692596,4.687540,4.685127,4.681060,4.676971,4.671381,4.665608,4.660079,4.656065,4.651931,4.647472
