cable test (0-3),date,time,peak_dist (ft),peak_vswr,trace_xmin,trace_xmax,trace_y
1,4/22/2023,5:04 PM,0.620453,5.249135,0.000000,50.000000,1.394058,1.626404,1.916139,2.272818,2.703761,3.208802,3.771202,4.345706,4.850976,5.181493,5.249135,5.033627,4.595885,4.040006,3.462322,2.925190,2.457426,2.065639,1.745118,1.486852,1.281182,1.119405,1.008606,1.112378,1.204441,1.275784,1.321202,1.338387,1.328386,1.295228,1.244875,1.183969,1.118768,1.054526,1.005772,1.060155,1.109920,1.150721,1.179480,1.194204,1.194289,1.180584,1.155196,1.121091,1.081620,1.040106,1.001891,1.039378,1.075173,1.105466,1.128018,1.141211,1.144256,1.137292,1.121342,1.098137,1.069859,1.038871,1.007571,1.022989,1.051463,1.076195,1.095391,1.107677,1.112252,1.108979,1.098393,1.081612,1.060185,1.035900,1.010686,1.014498,1.038049,1.058913,1.075542,1.086736,1.091725,1.090255,1.082610,1.069565,1.052286,1.032190,1.010828,1.010663,1.031134,1.049525,1.064496,1.074965,1.080194,1.079865,1.074109,1.063489,1.048921,1.031575,1.012753,1.006324,1.024803,1.041665,1.055719,1.065966,1.071688,1.072515,1.068468,1.059949,1.047691,1.032675,1.016029,1.001084,1.017818,1.033322,1.046519,1.056479,1.062503,1.064193,1.061487,1.054665,1.044316,1.031268,1.016512,1.001308,1.014192,1.028486,1.040861,1.050441,1.056548,1.058766,1.056977,1.051372,1.042431,1.030864,1.017548,1.003489,1.010678,1.024007,1.035712,1.044962,1.051100,1.053697,1.052594,1.047915,1.040053,1.029626,1.017416,1.004299,1.008910,1.021572,1.032842,1.041930,1.048194,1.051194,1.050735,1.046884,1.039962,1.030512,1.019239,1.006961,1.005562,1.017636,1.028544,1.037521,1.043934,1.047332,1.047489,1.044423,1.038397,1.029887,1.019552,1.008261,1.004550,1.015621,1.026102,1.034904,1.041373,1.045042,1.045652,1.043180,1.037829,1.030016,1.020329,1.009511,1.002584,1.013260,1.023573,1.032384,1.039052,1.043104,1.044256,1.042441,1.037816,1.030738,1.021736,1.011461,1.000680,1.010152,1.020261,1.029020,1.035817,1.040172,1.041780,1.040540,1.036560,1.030149,1.021787,1.012079,1.001775,1.008768,1.018676,1.027406,1.034346,1.039008,1.041065,1.040380,1.037021,1.031251,1.023501,1.014335,1.004424,1.005751,1.015419,1.024080,1.031119,1.036042,1.038505,1.038343,1.035585,1.030452,1.023335,1.014771,1.005493,1.004840,1.014038,1.022527,1.029561,1.034628,1.037366,1.037584,1.035279,1.030633,1.023997,1.015862,1.006836,1.002871,1.011885,1.020272,1.027310,1.032492,1.035445,1.035960,1.034004,1.029729,1.023451,1.015628,1.006823,1.002521,1.011560,1.019986,1.027159,1.032569,1.035830,1.036708,1.035143,1.031251,1.025319,1.017773,1.009148,1.000577,1.009119,1.017658,1.025073,1.030844,1.034570,1.035990,1.035013,1.031723,1.026368,1.019344,1.011153,1.002368,1.006461,1.014841,1.022205,1.028038,1.031922,1.033581,1.032895,1.029919,1.024871,1.018120,1.010151,1.001710,1.007410,1.015836,1.023359,1.029439,1.033641,1.035659,1.035345,1.032722,1.027976,1.021446,1.013591,1.004964,1.003990,1.012594,1.020429,1.026939,1.031670,1.034290,1.034618,1.032633,1.028487,1.022480,1.015045,1.006741,1.002513,1.010855,1.018827,1.025654,1.030856,1.034076,1.035097,1.033864,1.030484,1.025216,1.018449,1.010669,1.002421,1.005786,1.013474,1.020133,1.025296,1.028603,1.029822,1.028873,1.025834,1.020935,1.014538,1.007117,1.001326,1.009023,1.016615,1.023268,1.028504,1.031949,1.033353,1.032616,1.029794,1.025092,1.018849,1.011515,1.003699,1.004722,1.012315,1.019125,1.024618,1.028400,1.030205,1.029910,1.027542,1.023281,1.017435,1.010424,1.002739,1.005134,1.012740,1.019575,1.025167,1.029121,1.031157,1.031134,1.029056,1.025079,1.019497,1.012716,1.005281,1.003029,1.010354,1.017196,1.022893,1.027028,1.029302,1.029554,1.027768,1.024078,1.018757,1.012205,1.005015,1.003564,1.010784,1.017678,1.023510,1.027843,1.030360,1.030877,1.029357,1.025909,1.020784,1.014347,1.007078,1.001413,1.008435,1.015485,1.021544,1.026174,1.029046,1.029960,1.028857,1.025825,1.021089,1.014995,1.007979,1.000647,1.006925,1.013878,1.019880,1.024503,1.027412,1.028395,1.027379,1.024435,1.019781,1.013764,1.006895,1.002278,1.008751,1.015775,1.021961,1.026816,1.029982,1.031224,1.030448,1.027711,1.023212,1.017285,1.010399,1.003538,1.005628,1.012554,1.018856,1.023892,1.027266,1.028720,1.028139,1.025557,1.021161,1.015281,1.008435,1.002805,1.008102,1.015435,1.022127,1.027584,1.031388,1.033251,1.033025,1.030715,1.026474,1.020593,1.013473,1.005594,1.003980
3,4/22/2023,6:07 PM,0.599301,5.008697,0.000000,50.000000,1.396009,1.627174,1.913855,2.264297,2.683821,3.169559,3.701909,4.234381,4.689210,4.971679,5.008697,4.790020,4.374673,3.855963,3.318768,2.818240,2.380425,2.011848,1.708825,1.463597,1.267621,1.113078,1.009522,1.108599,1.195688,1.262473,1.304380,1.319589,1.309356,1.277605,1.229950,1.172566,1.111254,1.050871,1.004994,1.056456,1.102656,1.140206,1.166403,1.179559,1.179250,1.166346,1.142821,1.111394,1.075120,1.037035,1.002676,1.035854,1.068277,1.095513,1.115601,1.127174,1.129608,1.123098,1.108595,1.087662,1.062244,1.034438,1.006382,1.020940,1.046230,1.068019,1.084773,1.095345,1.099096,1.095959,1.086439,1.071528,1.052580,1.031145,1.008823,1.013056,1.033739,1.051904,1.066289,1.075909,1.080148,1.078825,1.072210,1.060976,1.046118,1.028841,1.010449,1.007959,1.025469,1.041127,1.053836,1.062723,1.067203,1.067039,1.062359,1.053636,1.041630,1.027302,1.011727,1.004047,1.019260,1.033060,1.044497,1.052786,1.057376,1.058000,1.054696,1.047802,1.037910,1.025810,1.012410,1.001448,1.014796,1.027121,1.037514,1.045261,1.049839,1.050964,1.048615,1.043034,1.034693,1.024249,1.012482,1.000381,1.011866,1.023098,1.032728,1.040097,1.044707,1.046265,1.044706,1.040197,1.033119,1.024028,1.013600,1.002577,1.008377,1.018680,1.027648,1.034669,1.039267,1.041143,1.040199,1.036546,1.030492,1.022508,1.013189,1.003219,1.006878,1.016426,1.024865,1.031613,1.036213,1.038359,1.037929,1.034987,1.029781,1.022715,1.014311,1.005177,1.004155,1.013064,1.021060,1.027590,1.032211,1.034616,1.034661,1.032372,1.027947,1.021730,1.014184,1.005852,1.002753,1.011051,1.018597,1.024862,1.029419,1.031961,1.032327,1.030513,1.026673,1.021103,1.014212,1.006489,1.001539,1.009417,1.016664,1.022794,1.027393,1.030155,1.030903,1.029609,1.026388,1.021492,1.015285,1.008213,1.000774,1.006607,1.013465,1.019354,1.023873,1.026719,1.027706,1.026784,1.024038,1.019684,1.014047,1.007546,1.001052,1.006475,1.012978,1.018648,1.023077,1.025962,1.027107,1.026441,1.024025,1.020040,1.014776,1.008607,1.001967,1.004773,1.011161,1.016810,1.021337,1.024439,1.025911,1.025663,1.023730,1.020263,1.015519,1.009846,1.003702,1.003028,1.009047,1.014551,1.019078,1.022315,1.024047,1.024168,1.022685,1.019717,1.015488,1.010303,1.004528,1.001477,1.007292,1.012602,1.017039,1.020305,1.022184,1.022558,1.021416,1.018856,1.015071,1.010338,1.004993,1.000604,1.006085,1.011127,1.015381,1.018556,1.020435,1.020892,1.019904,1.017550,1.014002,1.009519,1.004439,1.001329,1.006449,1.011397,1.015640,1.018879,1.020891,1.021541,1.020789,1.018696,1.015412,1.011172,1.006274,1.001125,1.004247,1.009160,1.013447,1.016813,1.019032,1.019958,1.019537,1.017808,1.014902,1.011029,1.006469,1.001611,1.003592,1.008341,1.012560,1.015947,1.018271,1.019377,1.019199,1.017755,1.015157,1.011591,1.007312,1.002624,1.002241,1.006856,1.011006,1.014399,1.016808,1.018071,1.018110,1.016932,1.014629,1.011373,1.007406,1.003073,1.001997,1.006252,1.010259,1.013594,1.016014,1.017354,1.017524,1.016516,1.014408,1.011351,1.007563,1.003310,1.001189,1.005510,1.009490,1.012831,1.015305,1.016744,1.017050,1.016206,1.014273,1.011391,1.007758,1.003626,1.000731,1.005038,1.009029,1.012434,1.015023,1.016621,1.017122,1.016493,1.014782,1.012110,1.008662,1.004674,1.000458,1.003870,1.007886,1.011388,1.014143,1.015969,1.016750,1.016440,1.015073,1.012754,1.009658,1.006037,1.002390,1.002741,1.006330,1.009691,1.012412,1.014285,1.015177,1.015030,1.013859,1.011751,1.008857,1.005381,1.001570,1.002361,1.006115,1.009472,1.012200,1.014115,1.015086,1.015050,1.014013,1.012050,1.009299,1.005951,1.002236,1.001599,1.005321,1.008684,1.011465,1.013475,1.014580,1.014707,1.013853,1.012082,1.009520,1.006352,1.002826,1.001219,1.004701,1.008020,1.010813,1.012883,1.014086,1.014342,1.013634,1.012016,1.009601,1.006559,1.003111,1.000759,1.004226,1.007556,1.010397,1.012549,1.013866,1.014257,1.013697,1.012226,1.009945,1.007015,1.003650,1.000669,1.003723,1.007098,1.010045,1.012353,1.013865,1.014481,1.014161,1.012933,1.010884,1.008158,1.004944,1.001498,1.002167,1.005512,1.008491,1.010887,1.012538,1.013336,1.013230,1.012236,1.010426,1.007932,1.004941,1.001759,1.002068,1.005251,1.008185,1.010599,1.012322,1.013236,1.013282,1.012462,1.010837,1.008522,1.005681,1.002515,1.000793
0,4/22/2023,6:09 PM,0.543478,4.358185,0.000000,10.000000,2.122036,2.210645,2.303419,2.400296,2.501163,2.605838,2.714070,2.825519,2.939746,3.056206,3.174230,3.293028,3.411669,3.529100,3.644132,3.755463,3.861695,3.961361,4.052965,4.135019,4.206100,4.264904,4.310294,4.341354,4.357437,4.358185,4.343565,4.313849,4.269620,4.211731,4.141275,4.059524,3.967883,3.867837,3.760894,3.648539,3.532202,3.413217,3.292808,3.172071,3.051969,2.933333,2.816860,2.703126,2.592594,2.485625,2.382488,2.283377,2.188415,2.097671,2.011168,1.928889,1.850791,1.776805,1.706847,1.640821,1.578628,1.520164,1.465332,1.414041,1.366216,1.321805,1.280788,1.243196,1.209129,1.178798,1.152567,1.130997,1.114834,1.104820,1.101244,1.103523,1.110298,1.119993,1.131257,1.143096,1.154819,1.165952,1.176168,1.185240,1.193012,1.199378,1.204275,1.207670,1.209556,1.209950,1.208887,1.206421,1.202617,1.197554,1.191321,1.184014,1.175737,1.166596,1.156702,1.146170,1.135113,1.123648,1.111893,1.099969,1.088004,1.076145,1.064564,1.053503,1.043337,1.034727,1.028832,1.027119,1.029980,1.036074,1.043827,1.052264,1.060858,1.069313,1.077443,1.085120,1.092253,1.098767,1.104606,1.109724,1.114086,1.117664,1.120442,1.122410,1.123565,1.123913,1.123466,1.122245,1.120274,1.117586,1.114218,1.110212,1.105615,1.100478,1.094856,1.088807,1.082394,1.075684,1.068747,1.061663,1.054523,1.047436,1.040549,1.034074,1.028347,1.023911,1.021515,1.021735,1.024379,1.028656,1.033820,1.039383,1.045053,1.050650,1.056056,1.061182,1.065966,1.070356,1.074311,1.077796,1.080787,1.083261,1.085203,1.086604,1.087458,1.087765,1.087530,1.086762,1.085473,1.083682,1.081410,1.078682,1.075526,1.071974,1.068062,1.063826,1.059309,1.054555,1.049614,1.044540,1.039398,1.034270,1.029264,1.024543,1.020367,1.017168,1.015540,1.015916,1.018093,1.021444,1.025415,1.029655,1.033960,1.038201,1.042293,1.046175,1.049800,1.053130,1.056135,1.058791,1.061076,1.062974,1.064474,1.065567,1.066247,1.066514,1.066370,1.065820,1.064873,1.063540,1.061837,1.059781,1.057392,1.054694,1.051711,1.048474,1.045013,1.041363,1.037563,1.033659,1.029705,1.025773,1.021963,1.018429,1.015421,1.013332,1.012621,1.013476,1.015590,1.018473,1.021751,1.025191,1.028657,1.032057,1.035331,1.038432,1.041325,1.043981,1.046376,1.048490,1.050307,1.051814,1.053000,1.053859,1.054386,1.054580,1.054441,1.053974,1.053184,1.052080,1.050674,1.048978,1.047009,1.044785,1.042325,1.039651,1.036789,1.033765,1.030611,1.027364,1.024065,1.020775,1.017574,1.014592,1.012051,1.010315,1.009819,1.010711,1.012660,1.015212,1.018055,1.021005,1.023955,1.026838,1.029606,1.032224,1.034663,1.036901,1.038918,1.040699,1.042231,1.043502,1.044505,1.045233,1.045683,1.045854,1.045747,1.045364,1.044711,1.043795,1.042625,1.041214,1.039573,1.037720,1.035670,1.033445,1.031066,1.028560,1.025955,1.023288,1.020605,1.017966,1.015459,1.013217,1.011443,1.010404,1.010326,1.011211,1.012832,1.014908,1.017229,1.019655,1.022096,1.024493,1.026802,1.028990,1.031031,1.032904,1.034591,1.036078,1.037352,1.038405,1.039228,1.039815,1.040164,1.040272,1.040141,1.039771,1.039168,1.038338,1.037288,1.036027,1.034568,1.032922,1.031105,1.029133,1.027026,1.024805,1.022495,1.020128,1.017741,1.015389,1.013149,1.011142,1.009558,1.008657,1.008658,1.009545,1.011079,1.012996,1.015109,1.017299,1.019492,1.021638,1.023701,1.025653,1.027473,1.029142,1.030647,1.031974,1.033113,1.034055,1.034795,1.035327,1.035648,1.035757,1.035654,1.035342,1.034822,1.034102,1.033187,1.032085,1.030807,1.029364,1.027767,1.026033,1.024176,1.022217,1.020176,1.018079,1.015960,1.013863,1.011851,1.010023,1.008539,1.007624,1.007493,1.008170,1.009457,1.011110,1.012952,1.014871,1.016794,1.018678,1.020488,1.022200,1.023794,1.025254,1.026568,1.027723,1.028711,1.029525,1.030158,1.030606,1.030867,1.030940,1.030825,1.030523,1.030039,1.029377,1.028542,1.027543,1.026389,1.025090,1.023658,1.022107,1.020453,1.018715,1.016915,1.015082,1.013252,1.011478,1.009840,1.008460,1.007511,1.007185,1.007563,1.008536,1.009910,1.011512,1.013226,1.014977,1.016715,1.018406,1.020023,1.021546,1.022959,1.024248,1.025401,1.026409,1.027264,1.027958,1.028488,1.028848,1.029038,1.029055,1.028901,1.028577,1.028085,1.027431,1.026620,1.025658,1.024554,1.023317,1.021958,1.020490,1.018925,1.017282,1.015580,1.013843,1.012793
1,4/22/2023,6:15 PM,0.620453,5.243318,0.000000,100.000000,1.394678,1.627096,1.916868,2.273518,2.704307,3.208986,3.770710,4.344135,4.847961,5.176915,5.243318,5.027285,4.589793,4.034690,3.457985,2.921806,2.454860,2.063731,1.743725,1.485860,1.280504,1.118985,1.009084,1.112509,1.204377,1.275504,1.320701,1.337680,1.327510,1.294231,1.243811,1.182886,1.117708,1.053517,1.006475,1.061067,1.110800,1.151524,1.180168,1.194745,1.194662,1.180785,1.155234,1.120985,1.081407,1.039850,1.003552,1.039993,1.075785,1.106074,1.128596,1.141727,1.144680,1.137600,1.121520,1.098181,1.069777,1.038679,1.007319,1.023370,1.051904,1.076668,1.095858,1.108095,1.112578,1.109172,1.098418,1.081442,1.059799,1.035280,1.009732,1.015371,1.039251,1.060374,1.077232,1.088619,1.093757,1.092385,1.084785,1.071731,1.054396,1.034202,1.012708,1.008946,1.029502,1.048033,1.063175,1.073839,1.079281,1.079175,1.073645,1.063248,1.048895,1.031751,1.013118,1.005797,1.024082,1.040764,1.054647,1.064737,1.070318,1.071027,1.066887,1.058303,1.046011,1.030996,1.014410,1.003163,1.019547,1.034989,1.048113,1.057979,1.063887,1.065441,1.062589,1.055619,1.045128,1.031957,1.017121,1.002320,1.013888,1.028152,1.040496,1.050018,1.056036,1.058137,1.056206,1.050445,1.041341,1.029619,1.016180,1.002494,1.012514,1.025939,1.037740,1.047053,1.053211,1.055782,1.054606,1.049813,1.041803,1.031206,1.018822,1.005619,1.008038,1.020795,1.032203,1.041423,1.047800,1.050889,1.050492,1.046678,1.039770,1.030314,1.019024,1.006716,1.005795,1.017898,1.028811,1.037770,1.044138,1.047465,1.047522,1.044331,1.038157,1.029478,1.018943,1.007316,1.004673,1.016336,1.026999,1.035908,1.042432,1.046108,1.046680,1.044126,1.038657,1.030699,1.020849,1.009860,1.002457,1.013225,1.023667,1.032580,1.039315,1.043388,1.044516,1.042631,1.037892,1.030665,1.021489,1.011027,1.000477,1.010999,1.021299,1.030228,1.037159,1.041604,1.043252,1.041998,1.037954,1.031436,1.022939,1.013108,1.003107,1.008502,1.018477,1.027347,1.034419,1.039180,1.041294,1.040617,1.037214,1.031351,1.023468,1.014137,1.004033,1.006299,1.016172,1.025012,1.032196,1.037216,1.039716,1.039523,1.036663,1.031356,1.023998,1.015128,1.005420,1.004881,1.014577,1.023456,1.030848,1.036229,1.039221,1.039619,1.037408,1.032765,1.026041,1.017732,1.008454,1.001849,1.010943,1.019704,1.027150,1.032747,1.036100,1.036976,1.035326,1.031285,1.025161,1.017404,1.008569,1.000767,1.009978,1.018605,1.026028,1.031726,1.035297,1.036488,1.035221,1.031598,1.025890,1.018515,1.009998,1.000939,1.008152,1.016724,1.024208,1.030081,1.033927,1.035475,1.034618,1.031428,1.026144,1.019158,1.010996,1.002669,1.007224,1.015680,1.023257,1.029359,1.033547,1.035523,1.035151,1.032468,1.027678,1.021137,1.013330,1.004926,1.004447,1.012706,1.020290,1.026530,1.030971,1.033301,1.033358,1.031151,1.026857,1.020808,1.013493,1.005762,1.004748,1.012336,1.019758,1.025999,1.030556,1.033087,1.033407,1.031493,1.027488,1.021686,1.014505,1.006461,1.002100,1.010255,1.017843,1.024256,1.029040,1.031852,1.032492,1.030917,1.027244,1.021743,1.014809,1.006929,1.001356,1.009575,1.017221,1.023764,1.028744,1.031802,1.032716,1.031418,1.027999,1.022703,1.015905,1.008083,1.000689,1.008656,1.016533,1.023418,1.028829,1.032389,1.033848,1.033109,1.030231,1.025430,1.019055,1.011567,1.003580,1.004935,1.012683,1.019604,1.025166,1.028968,1.030737,1.030347,1.027830,1.023368,1.017285,1.010017,1.002213,1.006264,1.014138,1.021253,1.027096,1.031252,1.033427,1.033468,1.031372,1.027295,1.021528,1.014477,1.006630,1.001490,1.009428,1.016703,1.022822,1.027367,1.030026,1.030621,1.029124,1.025657,1.020481,1.013974,1.006601,1.001148,1.008775,1.015847,1.021864,1.026405,1.029151,1.029910,1.028636,1.025432,1.020542,1.014335,1.007321,1.001915,1.008129,1.014970,1.020869,1.025354,1.028090,1.028871,1.027636,1.024473,1.019611,1.013397,1.006278,1.001425,1.008861,1.015898,1.021953,1.026589,1.029467,1.030368,1.029219,1.026094,1.021208,1.014903,1.007614,1.000254,1.007975,1.015346,1.021778,1.026817,1.030102,1.031392,1.030587,1.027740,1.023049,1.016842,1.009550,1.001683,1.006323,1.013956,1.020726,1.026160,1.029870,1.031586,1.031178,1.028671,1.024241,1.018207,1.011025,1.003585,1.005818,1.013514,1.020640,1.026548,1.030796,1.033074,1.033210,1.031188,1.027146,1.021365,1.014241,1.006263,1.001951
1,4/22/2023,7:30 PM,42.608696,38.448230,0.000000,100.000000,1.015037,1.013657,1.011982,1.010808,1.010906,1.012048,1.013146,1.013201,1.011682,1.008545,1.004249,1.001974,1.006179,1.009839,1.011739,1.011439,1.008967,1.004941,1.002716,1.006928,1.011144,1.013626,1.013754,1.011448,1.007202,1.002753,1.005419,1.010087,1.013121,1.013731,1.011776,1.007787,1.003811,1.006153,1.010870,1.014137,1.014947,1.013047,1.008792,1.003156,1.003688,1.009055,1.012735,1.013901,1.012367,1.008665,1.004742,1.006163,1.010571,1.013677,1.014235,1.011919,1.007075,1.000783,1.006464,1.012646,1.016854,1.018264,1.016637,1.012427,1.007032,1.005200,1.009542,1.013605,1.015318,1.014242,1.010782,1.006363,1.005206,1.008693,1.011697,1.012404,1.010477,1.006500,1.003489,1.007241,1.011813,1.014427,1.014224,1.011128,1.005921,1.003340,1.008984,1.014151,1.016766,1.016062,1.012058,1.005724,1.004248,1.011528,1.017684,1.020823,1.020084,1.015432,1.007693,1.002871,1.012146,1.020352,1.025494,1.026575,1.023431,1.016752,1.007930,1.001461,1.009234,1.014304,1.015587,1.012961,1.007470,1.004881,1.011517,1.018255,1.022215,1.022288,1.018332,1.011158,1.003157,1.007989,1.015243,1.019329,1.019153,1.014629,1.006686,1.004094,1.014017,1.022427,1.027363,1.027776,1.023582,1.015726,1.006409,1.006555,1.014315,1.019184,1.019619,1.015463,1.007602,1.002436,1.012441,1.020604,1.025115,1.024971,1.020208,1.012058,1.005039,1.011218,1.018959,1.023122,1.022485,1.017190,1.009141,1.007992,1.017226,1.025595,1.030003,1.029304,1.023688,1.014885,1.008607,1.014179,1.021956,1.026057,1.024915,1.018608,1.008796,1.006540,1.017489,1.026685,1.031360,1.030450,1.024258,1.014656,1.007856,1.014315,1.022318,1.026115,1.024378,1.017621,1.009254,1.012086,1.022628,1.031002,1.034259,1.031349,1.022762,1.010642,1.007011,1.018851,1.028127,1.031752,1.028765,1.019775,1.007193,1.009542,1.022721,1.032268,1.035775,1.032452,1.023256,1.011789,1.012086,1.023439,1.032092,1.034518,1.029808,1.018937,1.005651,1.013574,1.027123,1.035755,1.037097,1.030624,1.017943,1.007679,1.020956,1.035994,1.045322,1.046276,1.038243,1.022728,1.004754,1.019572,1.037861,1.049808,1.052649,1.045726,1.030804,1.013399,1.017379,1.034657,1.046776,1.049735,1.042585,1.026921,1.007844,1.018472,1.037637,1.050219,1.052978,1.045125,1.028388,1.007230,1.017802,1.037639,1.050230,1.052464,1.043714,1.025968,1.004554,1.021261,1.041057,1.052705,1.053229,1.042346,1.022877,1.009575,1.030726,1.050998,1.062107,1.060893,1.047371,1.025156,1.012599,1.035628,1.057294,1.068457,1.065680,1.049083,1.022281,1.011271,1.042197,1.067376,1.080254,1.077417,1.059368,1.031308,1.017992,1.046537,1.073615,1.087817,1.084850,1.065010,1.033167,1.012301,1.045759,1.075598,1.091107,1.087959,1.066629,1.032349,1.011699,1.049110,1.079961,1.094820,1.089521,1.065488,1.031822,1.031515,1.069209,1.100787,1.114099,1.104239,1.072855,1.028664,1.030951,1.079510,1.117915,1.134682,1.124544,1.089691,1.040346,1.030339,1.081830,1.124244,1.142823,1.131447,1.092742,1.038855,1.037583,1.095285,1.141043,1.159159,1.142983,1.096045,1.032193,1.047762,1.116921,1.169141,1.187890,1.165816,1.107947,1.031367,1.061078,1.144344,1.207035,1.229104,1.201535,1.131352,1.042695,1.076024,1.175706,1.253333,1.282169,1.249905,1.165303,1.056576,1.078645,1.196572,1.289380,1.322712,1.280495,1.174521,1.038859,1.113523,1.266715,1.386419,1.426295,1.363822,1.218773,1.045441,1.162628,1.373795,1.546547,1.604426,1.507793,1.292745,1.050277,1.247529,1.582794,1.888547,2.004667,1.829567,1.449634,1.058525,1.446502,2.190760,3.155661,3.756736,3.205183,2.012728,1.077277,2.480317,30.578920,-5.223657,-3.046850,-2.439202,-2.203242,-2.135465,-2.194325,-2.416914,-2.993747,-5.022050,40.612740,2.496312,1.117416,2.154665,3.585430,4.296536,3.519783,2.337456,1.479515,1.061396,1.523520,1.986004,2.211810,2.068300,1.688081,1.283183,1.048054,1.348835,1.621532,1.751830,1.680657,1.459570,1.193370,1.046422,1.274238,1.469477,1.560564,1.511779,1.352756,1.150651,1.045686,1.228125,1.382264,1.454709,1.419934,1.297223,1.134299,1.024485,1.174407,1.295838,1.351035,1.322404,1.224303,1.092418,1.041572,1.167485,1.265316,1.304397,1.272467,1.182743,1.064907,1.054003,1.168185,1.253551,1.284414,1.251317,1.166692,1.056932,1.053961,1.160149,1.239146,1.268191,1.238982,1.162470,1.062521,1.041743,1.136556,1.207415,1.236492
0,4/23/2023,10:41 PM,0.534783,4.190411,0.000000,6.000000,2.079651,2.129122,2.180007,2.232296,2.285975,2.341019,2.397404,2.455091,2.514039,2.574193,2.635491,2.697859,2.761214,2.825457,2.890480,2.956157,3.022352,3.088913,3.155670,3.222441,3.289028,3.355218,3.420781,3.485474,3.549044,3.611222,3.671730,3.730284,3.786592,3.840357,3.891288,3.939092,3.983485,4.024189,4.060947,4.093514,4.121669,4.145216,4.163985,4.177837,4.186670,4.190411,4.189028,4.182523,4.170936,4.154346,4.132863,4.106629,4.075819,4.040638,4.001310,3.958085,3.911226,3.861012,3.807732,3.751680,3.693154,3.632449,3.569857,3.505668,3.440158,3.373595,3.306232,3.238315,3.170069,3.101707,3.033427,2.965409,2.897818,2.830806,2.764508,2.699046,2.634526,2.571043,2.508679,2.447505,2.387580,2.328956,2.271672,2.215763,2.161253,2.108162,2.056501,2.006279,1.957498,1.910157,1.864252,1.819774,1.776713,1.735058,1.694794,1.655907,1.618381,1.582201,1.547350,1.513816,1.481583,1.450640,1.420978,1.392588,1.365469,1.339620,1.315048,1.291769,1.269802,1.249179,1.229945,1.212154,1.195879,1.181205,1.168230,1.157059,1.147796,1.140522,1.135281,1.132056,1.130761,1.131237,1.133272,1.136618,1.141020,1.146230,1.152026,1.158211,1.164615,1.171098,1.177541,1.183845,1.189929,1.195723,1.201173,1.206231,1.210860,1.215030,1.218714,1.221895,1.224558,1.226692,1.228292,1.229355,1.229882,1.229877,1.229344,1.228293,1.226736,1.224684,1.222153,1.219160,1.215721,1.211857,1.207587,1.202935,1.197921,1.192569,1.186903,1.180947,1.174726,1.168266,1.161591,1.154728,1.147702,1.140541,1.133270,1.125916,1.118509,1.111076,1.103649,1.096260,1.088945,1.081744,1.074705,1.067885,1.061355,1.055207,1.049561,1.044574,1.040444,1.037398,1.035649,1.035324,1.036392,1.038674,1.041910,1.045840,1.050242,1.054944,1.059818,1.064768,1.069723,1.074627,1.079437,1.084118,1.088641,1.092983,1.097123,1.101044,1.104731,1.108172,1.111355,1.114270,1.116911,1.119269,1.121341,1.123121,1.124607,1.125797,1.126691,1.127288,1.127589,1.127599,1.127318,1.126753,1.125908,1.124789,1.123403,1.121757,1.119860,1.117721,1.115350,1.112757,1.109953,1.106949,1.103759,1.100394,1.096868,1.093194,1.089387,1.085463,1.081436,1.077323,1.073143,1.068913,1.064655,1.060392,1.056149,1.051955,1.047848,1.043869,1.040072,1.036526,1.033316,1.030548,1.028345,1.026833,1.026115,1.026232,1.027150,1.028764,1.030937,1.033530,1.036421,1.039514,1.042731,1.046014,1.049316,1.052601,1.055841,1.059010,1.062089,1.065061,1.067912,1.070628,1.073200,1.075617,1.077870,1.079954,1.081860,1.083585,1.085122,1.086468,1.087619,1.088575,1.089331,1.089889,1.090247,1.090405,1.090365,1.090128,1.089697,1.089074,1.088263,1.087268,1.086093,1.084743,1.083223,1.081542,1.079703,1.077715,1.075586,1.073323,1.070934,1.068430,1.065819,1.063112,1.060319,1.057452,1.054524,1.051548,1.048539,1.045514,1.042492,1.039495,1.036549,1.033687,1.030949,1.028383,1.026052,1.024031,1.022407,1.021270,1.020693,1.020713,1.021317,1.022440,1.023994,1.025881,1.028012,1.030316,1.032732,1.035215,1.037727,1.040241,1.042731,1.045180,1.047571,1.049890,1.052126,1.054267,1.056307,1.058235,1.060047,1.061734,1.063292,1.064717,1.066003,1.067147,1.068147,1.069000,1.069703,1.070256,1.070658,1.070907,1.071006,1.070952,1.070749,1.070397,1.069899,1.069256,1.068471,1.067548,1.066491,1.065302,1.063988,1.062552,1.061001,1.059339,1.057572,1.055708,1.053752,1.051713,1.049598,1.047416,1.045176,1.042887,1.040561,1.038210,1.035847,1.033489,1.031154,1.028864,1.026646,1.024534,1.022570,1.020804,1.019298,1.018120,1.017337,1.017001,1.017130,1.017705,1.018672,1.019962,1.021502,1.023224,1.025075,1.027010,1.028994,1.030999,1.033003,1.034987,1.036937,1.038840,1.040684,1.042461,1.044163,1.045782,1.047313,1.048748,1.050085,1.051318,1.052443,1.053458,1.054358,1.055143,1.055809,1.056355,1.056781,1.057084,1.057266,1.057325,1.057263,1.057080,1.056776,1.056355,1.055816,1.055163,1.054398,1.053524,1.052544,1.051462,1.050281,1.049005,1.047640,1.046189,1.044659,1.043054,1.041380,1.039645,1.037855,1.036017,1.034140,1.032233,1.030306,1.028372,1.026444,1.024539,1.022676,1.020880,1.019183,1.017624,1.016249,1.015116,1.014284,1.013809,1.013725,1.014032,1.014698,1.015667,1.016876,1.018264,1.019779,1.021381,1.023036,1.024719,1.026408,1.028087,1.029743,1.031364,1.032941,1.034466,1.036313
0,4/23/2023,10:41 PM,0.534783,4.190469,0.000000,6.000000,2.079194,2.128660,2.179540,2.231824,2.285497,2.340537,2.396916,2.454599,2.513542,2.573692,2.634986,2.697351,2.760703,2.824945,2.889966,2.955643,3.021839,3.088402,3.155162,3.221937,3.288530,3.354727,3.420300,3.485004,3.548587,3.610779,3.671304,3.729877,3.786206,3.839994,3.890952,3.938781,3.983205,4.023942,4.060731,4.093335,4.121528,4.145112,4.163919,4.177813,4.186686,4.190469,4.189128,4.182664,4.171119,4.154570,4.133127,4.106931,4.076159,4.041014,4.001720,3.958526,3.911698,3.861513,3.808259,3.752231,3.693726,3.633040,3.570467,3.506291,3.440795,3.374242,3.306890,3.238980,3.170740,3.102382,3.034104,2.966087,2.898497,2.831484,2.765184,2.699718,2.635195,2.571707,2.509338,2.448158,2.388228,2.329597,2.272307,2.216390,2.161873,2.108774,2.057106,2.006877,1.958090,1.910741,1.864829,1.820344,1.777276,1.735614,1.695344,1.656450,1.618918,1.582732,1.547876,1.514336,1.482098,1.451150,1.421482,1.393087,1.365962,1.340108,1.315531,1.292245,1.270272,1.249642,1.230398,1.212596,1.196307,1.181616,1.168620,1.157424,1.148129,1.140817,1.135531,1.132257,1.130909,1.131331,1.133312,1.136606,1.140958,1.146123,1.151877,1.158022,1.164391,1.170841,1.177254,1.183529,1.189586,1.195356,1.200781,1.205817,1.210425,1.214574,1.218238,1.221400,1.224044,1.226161,1.227743,1.228790,1.229300,1.229278,1.228730,1.227665,1.226092,1.224026,1.221481,1.218474,1.215022,1.211145,1.206862,1.202197,1.197171,1.191808,1.186130,1.180163,1.173931,1.167460,1.160775,1.153901,1.146866,1.139694,1.132413,1.125051,1.117635,1.110193,1.102758,1.095362,1.088040,1.080835,1.073794,1.066975,1.060451,1.054317,1.048699,1.043758,1.039703,1.036767,1.035167,1.035017,1.036269,1.038723,1.042108,1.046161,1.050664,1.055448,1.060390,1.065397,1.070400,1.075345,1.080191,1.084904,1.089455,1.093822,1.097985,1.101926,1.105632,1.109089,1.112287,1.115216,1.117868,1.120237,1.122318,1.124106,1.125599,1.126795,1.127692,1.128293,1.128597,1.128607,1.128327,1.127760,1.126913,1.125790,1.124400,1.122748,1.120845,1.118699,1.116319,1.113716,1.110901,1.107885,1.104682,1.101303,1.097761,1.094071,1.090246,1.086302,1.082254,1.078119,1.073914,1.069657,1.065369,1.061073,1.056793,1.052559,1.048404,1.044370,1.040510,1.036889,1.033590,1.030716,1.028391,1.026746,1.025891,1.025883,1.026695,1.028230,1.030349,1.032908,1.035781,1.038867,1.042085,1.045373,1.048685,1.051983,1.055236,1.058421,1.061516,1.064506,1.067374,1.070109,1.072699,1.075136,1.077409,1.079512,1.081438,1.083182,1.084739,1.086105,1.087277,1.088252,1.089028,1.089605,1.089983,1.090160,1.090139,1.089921,1.089508,1.088903,1.088109,1.087131,1.085972,1.084638,1.083134,1.081466,1.079641,1.077666,1.075547,1.073294,1.070915,1.068418,1.065813,1.063110,1.060319,1.057452,1.054521,1.051539,1.048520,1.045481,1.042439,1.039417,1.036438,1.033535,1.030744,1.028113,1.025704,1.023591,1.021863,1.020615,1.019933,1.019863,1.020401,1.021483,1.023015,1.024894,1.027027,1.029337,1.031762,1.034254,1.036776,1.039298,1.041797,1.044253,1.046651,1.048977,1.051218,1.053366,1.055411,1.057345,1.059161,1.060854,1.062418,1.063847,1.065139,1.066290,1.067296,1.068155,1.068865,1.069426,1.069835,1.070093,1.070200,1.070155,1.069962,1.069619,1.069131,1.068498,1.067724,1.066813,1.065767,1.064590,1.063288,1.061865,1.060326,1.058676,1.056922,1.055070,1.053127,1.051101,1.048998,1.046828,1.044599,1.042321,1.040005,1.037662,1.035307,1.032955,1.030624,1.028337,1.026119,1.024004,1.022035,1.020263,1.018750,1.017567,1.016783,1.016452,1.016594,1.017187,1.018175,1.019485,1.021040,1.022774,1.024632,1.026569,1.028552,1.030553,1.032549,1.034524,1.036461,1.038350,1.040179,1.041940,1.043625,1.045226,1.046737,1.048153,1.049470,1.050682,1.051787,1.052781,1.053661,1.054424,1.055070,1.055595,1.056000,1.056283,1.056445,1.056485,1.056403,1.056200,1.055879,1.055439,1.054883,1.054213,1.053432,1.052542,1.051548,1.050451,1.049257,1.047969,1.046593,1.045132,1.043592,1.041980,1.040300,1.038560,1.036767,1.034929,1.033054,1.031152,1.029234,1.027313,1.025404,1.023525,1.021699,1.019953,1.018322,1.016851,1.015591,1.014605,1.013952,1.013678,1.013805,1.014314,1.015158,1.016277,1.017605,1.019087,1.020676,1.022335,1.024034,1.025751,1.027467,1.029168,1.030840,1.032474,1.034060,1.035592,1.036511
0,4/23/2023,10:45 PM,0.534783,4.189249,0.000000,6.000000,2.081197,2.130684,2.181583,2.233885,2.287575,2.342629,2.399021,2.456715,2.515666,2.575819,2.637115,2.699478,2.762823,2.827052,2.892057,2.957712,3.023879,3.090406,3.157125,3.223851,3.290386,3.356518,3.422016,3.486637,3.550127,3.612218,3.672632,3.731083,3.787283,3.840933,3.891740,3.939415,3.983673,4.024238,4.060851,4.093269,4.121274,4.144667,4.163281,4.176980,4.185658,4.189249,4.187718,4.181070,4.169344,4.152622,4.131012,4.104659,4.073740,4.038457,3.999037,3.955728,3.908796,3.858519,3.805182,3.749086,3.690524,3.629792,3.567181,3.502981,3.437468,3.370908,3.303556,3.235656,3.167432,3.099097,3.030848,2.962865,2.895313,2.828343,2.762090,2.696673,2.632201,2.568767,2.506454,2.445330,2.385458,2.326885,2.269654,2.213796,2.159338,2.106297,2.054686,2.004514,1.955781,1.908488,1.862629,1.818196,1.775180,1.733567,1.693345,1.654498,1.617011,1.580869,1.546055,1.512556,1.480357,1.449447,1.419815,1.391456,1.364365,1.338544,1.314000,1.290746,1.268804,1.248206,1.228996,1.211230,1.194981,1.180335,1.167391,1.156256,1.147033,1.139806,1.134616,1.131448,1.130212,1.130748,1.132841,1.136241,1.140691,1.145944,1.151775,1.157990,1.164419,1.170921,1.177378,1.183693,1.189783,1.195582,1.201033,1.206090,1.210717,1.214882,1.218560,1.221733,1.224388,1.226513,1.228103,1.229156,1.229673,1.229656,1.229112,1.228050,1.226482,1.224419,1.221878,1.218874,1.215425,1.211552,1.207274,1.202614,1.197593,1.192235,1.186564,1.180604,1.174381,1.167919,1.161244,1.154383,1.147361,1.140204,1.132941,1.125598,1.118204,1.110788,1.103382,1.096019,1.088736,1.081574,1.074583,1.067823,1.061366,1.055308,1.049773,1.044919,1.040945,1.038070,1.036492,1.036313,1.037489,1.039838,1.043108,1.047048,1.051448,1.056142,1.061004,1.065942,1.070884,1.075776,1.080575,1.085246,1.089759,1.094092,1.098224,1.102136,1.105816,1.109249,1.112423,1.115331,1.117964,1.120314,1.122377,1.124149,1.125626,1.126807,1.127690,1.128277,1.128568,1.128567,1.128275,1.127698,1.126840,1.125708,1.124308,1.122649,1.120737,1.118584,1.116197,1.113588,1.110767,1.107746,1.104537,1.101154,1.097608,1.093915,1.090087,1.086141,1.082091,1.077954,1.073748,1.069492,1.065205,1.060910,1.056632,1.052400,1.048250,1.044223,1.040372,1.036762,1.033477,1.030623,1.028323,1.026707,1.025886,1.025912,1.026756,1.028318,1.030459,1.033035,1.035921,1.039016,1.042241,1.045534,1.048850,1.052151,1.055406,1.058593,1.061690,1.064680,1.067549,1.070284,1.072875,1.075311,1.077584,1.079687,1.081614,1.083357,1.084914,1.086280,1.087451,1.088426,1.089203,1.089780,1.090157,1.090335,1.090315,1.090097,1.089684,1.089080,1.088286,1.087309,1.086150,1.084817,1.083314,1.081647,1.079823,1.077848,1.075731,1.073479,1.071101,1.068606,1.066002,1.063299,1.060510,1.057643,1.054713,1.051731,1.048712,1.045672,1.042629,1.039604,1.036622,1.033714,1.030915,1.028274,1.025850,1.023716,1.021961,1.020680,1.019958,1.019846,1.020341,1.021385,1.022885,1.024738,1.026851,1.029144,1.031555,1.034036,1.036549,1.039063,1.041556,1.044007,1.046401,1.048723,1.050961,1.053107,1.055150,1.057083,1.058899,1.060591,1.062156,1.063587,1.064880,1.066033,1.067041,1.067903,1.068617,1.069182,1.069596,1.069858,1.069970,1.069932,1.069745,1.069409,1.068928,1.068303,1.067538,1.066635,1.065598,1.064431,1.063138,1.061725,1.060196,1.058557,1.056813,1.054972,1.053040,1.051024,1.048933,1.046773,1.044554,1.042285,1.039978,1.037644,1.035296,1.032949,1.030621,1.028333,1.026112,1.023989,1.022005,1.020211,1.018668,1.017445,1.016613,1.016230,1.016318,1.016860,1.017804,1.019075,1.020597,1.022302,1.024134,1.026048,1.028008,1.029988,1.031963,1.033918,1.035835,1.037705,1.039515,1.041257,1.042923,1.044505,1.045999,1.047398,1.048697,1.049893,1.050982,1.051960,1.052825,1.053574,1.054206,1.054719,1.055111,1.055383,1.055534,1.055564,1.055473,1.055263,1.054934,1.054488,1.053927,1.053253,1.052469,1.051577,1.050582,1.049486,1.048293,1.047008,1.045635,1.044180,1.042647,1.041043,1.039373,1.037645,1.035865,1.034043,1.032185,1.030304,1.028410,1.026517,1.024640,1.022799,1.021018,1.019326,1.017762,1.016371,1.015208,1.014335,1.013808,1.013667,1.013918,1.014535,1.015467,1.016649,1.018022,1.019533,1.021138,1.022803,1.024502,1.026213,1.027918,1.029605,1.031261,1.032876,1.034442,1.035952,1.036606
1,4/23/2023,10:48 PM,0.620453,5.236039,0.000000,50.000000,1.386741,1.616814,1.903723,2.256951,2.683847,3.184524,3.742970,4.315285,4.821883,5.158424,5.236039,5.031636,4.603000,4.052678,3.477244,2.940117,2.471161,2.077702,1.755431,1.495523,1.288385,1.125308,1.005166,1.107517,1.199970,1.271970,1.318260,1.336427,1.327396,1.295085,1.245385,1.184905,1.119911,1.055672,1.004391,1.059186,1.109273,1.150532,1.179864,1.195226,1.195955,1.182842,1.157943,1.124194,1.084937,1.043502,1.003627,1.036018,1.071832,1.102293,1.125146,1.138752,1.142288,1.135854,1.120430,1.097709,1.069847,1.039182,1.008034,1.022188,1.050556,1.075245,1.094471,1.106853,1.111576,1.108484,1.098087,1.081484,1.060201,1.036009,1.010747,1.014150,1.037800,1.058761,1.075530,1.086902,1.092095,1.090840,1.083402,1.070540,1.053405,1.033407,1.012090,1.009415,1.029878,1.048338,1.063439,1.074093,1.079553,1.079484,1.074004,1.063656,1.049343,1.032225,1.013607,1.005468,1.023734,1.040501,1.054514,1.064773,1.070554,1.071484,1.067574,1.059216,1.047132,1.032295,1.015827,1.001296,1.017731,1.033087,1.046149,1.055987,1.061904,1.063500,1.060714,1.053825,1.043422,1.030334,1.015553,1.000914,1.015220,1.029526,1.041892,1.051433,1.057465,1.059569,1.057623,1.051821,1.042647,1.030818,1.017229,1.003084,1.011751,1.025402,1.037453,1.047036,1.053476,1.056323,1.055406,1.050837,1.043003,1.032523,1.020184,1.006886,1.006604,1.019498,1.031065,1.040488,1.047106,1.050459,1.050330,1.046769,1.040082,1.030799,1.019624,1.007390,1.005303,1.017443,1.028521,1.037722,1.044395,1.048070,1.048500,1.045679,1.039850,1.031469,1.021168,1.009703,1.002405,1.013913,1.024651,1.033749,1.040568,1.044632,1.045667,1.043625,1.038691,1.031257,1.021890,1.011287,1.001019,1.010947,1.021188,1.029992,1.036730,1.040923,1.042279,1.040719,1.036381,1.029606,1.020906,1.010919,1.000719,1.010267,1.020199,1.028831,1.035551,1.039877,1.041502,1.040316,1.036420,1.030113,1.021862,1.012266,1.002094,1.008430,1.018270,1.026965,1.033902,1.038592,1.040707,1.040107,1.036851,1.031196,1.023565,1.014516,1.004701,1.005348,1.014931,1.023520,1.030506,1.035392,1.037835,1.037666,1.034909,1.029779,1.022659,1.014069,1.004640,1.005186,1.014609,1.023178,1.030277,1.035404,1.038195,1.038453,1.036169,1.031518,1.024847,1.016643,1.007521,1.002537,1.011595,1.020197,1.027499,1.032979,1.036254,1.037100,1.035473,1.031509,1.025511,1.017926,1.009313,1.001056,1.008898,1.017257,1.024448,1.029951,1.033373,1.034472,1.033178,1.029595,1.023993,1.016787,1.008501,1.000961,1.009239,1.017524,1.024728,1.030335,1.033942,1.035292,1.034288,1.031010,1.025700,1.018747,1.010666,1.002341,1.007073,1.015336,1.022659,1.028486,1.032396,1.034105,1.033493,1.030606,1.025656,1.019000,1.011112,1.002579,1.006256,1.014658,1.022188,1.028320,1.032623,1.034794,1.034685,1.032310,1.027850,1.021633,1.014109,1.005835,1.002971,1.011160,1.018688,1.024938,1.029464,1.031943,1.032200,1.030223,1.026159,1.020307,1.013090,1.005033,1.003489,1.011707,1.019288,1.025671,1.030401,1.033136,1.033675,1.031976,1.028159,1.022496,1.015395,1.007408,1.002257,1.010009,1.017885,1.024735,1.030058,1.033484,1.034778,1.033861,1.030816,1.025877,1.019417,1.011939,1.004326,1.005257,1.012636,1.019384,1.024795,1.028464,1.030132,1.029690,1.027184,1.022813,1.016902,1.009885,1.002272,1.005515,1.012934,1.019527,1.024832,1.028473,1.030194,1.029881,1.027564,1.023425,1.017775,1.011039,1.003815,1.004192,1.011263,1.017656,1.022817,1.026364,1.028034,1.027704,1.025400,1.021293,1.015692,1.009029,1.002243,1.006209,1.013301,1.019683,1.024820,1.028320,1.029911,1.029458,1.026981,1.022648,1.016771,1.009816,1.003013,1.006699,1.014153,1.021011,1.026645,1.030619,1.032626,1.032502,1.030237,1.025974,1.020002,1.012731,1.004721,1.004086,1.012249,1.019868,1.026336,1.031198,1.034112,1.034875,1.033433,1.029891,1.024503,1.017649,1.009807,1.001626,1.006860,1.014632,1.021404,1.026701,1.030155,1.031525,1.030721,1.027806,1.022997,1.016640,1.009185,1.001177,1.007005,1.014767,1.021637,1.027135,1.030873,1.032585,1.032150,1.029599,1.025121,1.019042,1.011818,1.004207,1.004978,1.012580,1.019621,1.025430,1.029577,1.031764,1.031838,1.029797,1.025794,1.020125,1.013204,1.005596,1.003077,1.010590,1.017698,1.023668,1.028061,1.030560,1.030987,1.029313,1.025660,1.020293,1.013596,1.006043,1.002132
1,4/23/2023,10:50 PM,0.620453,5.236815,0.000000,50.000000,1.386665,1.616561,1.903272,2.256282,2.682955,3.183434,3.741780,4.314190,4.821172,5.158391,5.236815,5.033094,4.604818,4.054519,3.478877,2.941435,2.472147,2.078383,1.755849,1.495720,1.288392,1.125137,1.003990,1.107896,1.200599,1.272842,1.319356,1.337708,1.328803,1.296553,1.246851,1.186316,1.121226,1.056859,1.003072,1.058096,1.108248,1.149598,1.179046,1.194545,1.195421,1.182455,1.157696,1.124073,1.084931,1.043623,1.004710,1.036010,1.071716,1.102116,1.124924,1.138494,1.142000,1.135539,1.120093,1.097353,1.069473,1.038792,1.007597,1.022574,1.050969,1.075663,1.094874,1.107220,1.111881,1.108702,1.098196,1.081464,1.060036,1.035689,1.010268,1.014802,1.038653,1.059816,1.076778,1.088326,1.093666,1.092520,1.085146,1.072302,1.055139,1.035068,1.013635,1.008007,1.028567,1.047182,1.062475,1.073352,1.079055,1.079242,1.074018,1.063918,1.049835,1.032919,1.014456,1.004278,1.022462,1.039083,1.052966,1.063117,1.068815,1.069687,1.065743,1.057371,1.045292,1.030473,1.014037,1.003039,1.019547,1.034921,1.047994,1.057833,1.063739,1.065308,1.062479,1.055531,1.045052,1.031873,1.016987,1.001697,1.013997,1.028403,1.040886,1.050559,1.056735,1.058988,1.057194,1.051542,1.042507,1.030804,1.017313,1.003054,1.011365,1.024973,1.036971,1.046517,1.052935,1.055780,1.054879,1.050346,1.042566,1.032161,1.019938,1.006976,1.007257,1.019837,1.031289,1.040630,1.047181,1.050478,1.050307,1.046718,1.040017,1.030735,1.019575,1.007353,1.005181,1.017289,1.028282,1.037376,1.043926,1.047466,1.047752,1.044786,1.038815,1.030300,1.019879,1.008313,1.003790,1.015472,1.026277,1.035405,1.042215,1.046227,1.047165,1.044985,1.039873,1.032228,1.022624,1.011761,1.000959,1.010979,1.021494,1.030565,1.037552,1.041969,1.043514,1.042098,1.037853,1.031117,1.022403,1.012351,1.001816,1.009116,1.019220,1.028071,1.035044,1.039649,1.041566,1.040673,1.037059,1.031011,1.022988,1.013577,1.003468,1.006813,1.016565,1.025216,1.032155,1.036896,1.039105,1.038638,1.035547,1.030079,1.022648,1.013799,1.004169,1.005662,1.015096,1.023546,1.030418,1.035223,1.037619,1.037441,1.034714,1.029652,1.022635,1.014189,1.005019,1.005014,1.014137,1.022495,1.029397,1.034338,1.036960,1.037073,1.034673,1.029940,1.023220,1.014998,1.005852,1.003637,1.012912,1.021418,1.028564,1.033846,1.036890,1.037478,1.035576,1.031325,1.025039,1.017170,1.008269,1.001091,1.010311,1.018919,1.026308,1.031970,1.035509,1.036683,1.035419,1.031824,1.026172,1.018880,1.010478,1.001778,1.007550,1.015959,1.023311,1.029075,1.032841,1.034345,1.033486,1.030337,1.025135,1.018263,1.010213,1.001550,1.007204,1.015542,1.022904,1.028774,1.032738,1.034513,1.033977,1.031172,1.026309,1.019745,1.011954,1.003572,1.005368,1.013627,1.021063,1.027114,1.031350,1.033466,1.033315,1.030913,1.026440,1.020224,1.012713,1.004471,1.004235,1.012466,1.019967,1.026178,1.030654,1.033077,1.033272,1.031231,1.027106,1.021200,1.013951,1.005966,1.003317,1.011237,1.018809,1.025216,1.029981,1.032760,1.033353,1.031719,1.027979,1.022406,1.015396,1.007442,1.000933,1.009204,1.016914,1.023522,1.028565,1.031687,1.032666,1.031433,1.028081,1.022855,1.016136,1.008432,1.001599,1.008455,1.016216,1.023030,1.028385,1.031899,1.033318,1.032543,1.029631,1.024794,1.018375,1.010824,1.002672,1.005644,1.013574,1.020649,1.026383,1.030387,1.032389,1.032263,1.030035,1.025885,1.020131,1.013207,1.005690,1.002905,1.010086,1.016831,1.022375,1.026303,1.028329,1.028309,1.026252,1.022315,1.016796,1.010109,1.002916,1.005248,1.012577,1.019253,1.024735,1.028615,1.030600,1.030535,1.028417,1.024390,1.018736,1.011851,1.004210,1.003690,1.011398,1.018417,1.024256,1.028499,1.030835,1.031092,1.029242,1.025414,1.019875,1.013016,1.005329,1.002895,1.010769,1.018098,1.024313,1.028969,1.031725,1.032375,1.030862,1.027282,1.021881,1.015031,1.007211,1.001486,1.009550,1.017390,1.024246,1.029640,1.033202,1.034686,1.033991,1.031177,1.026448,1.020147,1.012718,1.004704,1.003654,1.011411,1.018390,1.024066,1.028046,1.030057,1.029968,1.027803,1.023732,1.018063,1.011220,1.003804,1.004427,1.011841,1.018617,1.024196,1.028170,1.030252,1.030294,1.028296,1.024407,1.018911,1.012205,1.004769,1.002956,1.010407,1.017175,1.022762,1.026762,1.028876,1.028939,1.026932,1.022987,1.017377,1.010488,1.002814,1.005294
